time,raw,data
2026-04-27 16:04:06,recv: FFC9HELLO3,FFC9HELLO3
2026-04-27 16:04:11,recv: FFC4HELLO3,FFC4HELLO3
2026-04-27 16:04:16,recv: FFC7HELLO3,FFC7HELLO3
2026-04-27 16:04:21,recv: FFC5HELLO3,FFC5HELLO3
2026-04-27 16:04:26,recv: FFC4HELLO3,FFC4HELLO3
2026-04-27 16:04:31,recv: FFC7HELLO3,FFC7HELLO3
2026-04-27 16:04:36,recv: FFC7HELLO3,FFC7HELLO3
2026-04-27 16:04:41,recv: FFC5HELLO3,FFC5HELLO3
2026-04-27 16:04:46,recv: FFC7HELLO3,FFC7HELLO3
2026-04-27 16:04:51,recv: FFC8HELLO3,FFC8HELLO3
2026-04-27 17:12:05,recv: FFE9HELLO4,FFE9HELLO4
2026-04-27 17:12:10,recv: FFEAHELLO4,FFEAHELLO4
2026-04-27 17:12:15,recv: FFEAHELLO4,FFEAHELLO4
2026-04-27 17:12:20,recv: FFEAHELLO4,FFEAHELLO4
2026-04-27 17:12:25,recv: FFEBHELLO4,FFEBHELLO4
2026-04-27 17:12:30,recv: FFE0HELLO4,FFE0HELLO4
2026-04-27 17:12:35,recv: FFE3HELLO4,FFE3HELLO4
2026-04-27 17:12:40,recv: FFECHELLO4,FFECHELLO4
2026-04-27 17:12:45,recv: FFEBHELLO4,FFEBHELLO4
2026-04-27 17:12:50,recv: FFEBHELLO4,FFEBHELLO4
2026-04-27 17:12:55,recv: FFEBHELLO4,FFEBHELLO4
2026-04-27 17:13:00,recv: FFEBHELLO4,FFEBHELLO4
2026-04-27 17:13:05,recv: FFEAHELLO4,FFEAHELLO4
2026-04-27 17:13:10,recv: FFEAHELLO4,FFEAHELLO4
2026-04-27 17:13:15,recv: FFEAHELLO4,FFEAHELLO4
2026-04-27 17:13:20,recv: FFEAHELLO4,FFEAHELLO4
2026-04-27 17:13:25,recv: FFEAHELLO4,FFEAHELLO4
2026-04-27 17:13:30,recv: FFEAHELLO4,FFEAHELLO4
2026-04-27 17:13:35,recv: FFEAHELLO4,FFEAHELLO4
2026-04-27 17:13:40,recv: FFEAHELLO4,FFEAHELLO4
2026-04-27 17:13:45,recv: FFEAHELLO4,FFEAHELLO4
2026-04-27 17:13:50,recv: FFEAHELLO4,FFEAHELLO4
2026-04-27 17:13:55,recv: FFEAHELLO4,FFEAHELLO4
2026-04-27 17:14:00,recv: FFEAHELLO4,FFEAHELLO4
2026-04-27 17:14:05,recv: FFEAHELLO4,FFEAHELLO4
2026-04-27 17:14:10,recv: FFEAHELLO4,FFEAHELLO4
2026-04-27 17:14:15,recv: FFEAHELLO4,FFEAHELLO4
2026-04-27 17:14:20,recv: FFEAHELLO4,FFEAHELLO4
2026-04-27 17:14:25,recv: FFEBHELLO4,FFEBHELLO4
2026-04-27 17:14:30,recv: FFEAHELLO4,FFEAHELLO4
2026-04-27 17:14:35,recv: FFECHELLO4,FFECHELLO4
2026-04-27 17:14:40,recv: FFECHELLO4,FFECHELLO4
2026-04-27 17:14:45,recv: FFEBHELLO4,FFEBHELLO4
2026-04-27 17:14:50,recv: FFEBHELLO4,FFEBHELLO4
2026-04-27 17:14:55,recv: FFEBHELLO4,FFEBHELLO4
2026-04-27 17:15:00,recv: FFE9HELLO4,FFE9HELLO4
2026-04-27 17:15:05,recv: FFEBHELLO4,FFEBHELLO4
2026-04-27 17:15:10,recv: FFEBHELLO4,FFEBHELLO4
2026-04-27 17:15:15,recv: FFEBHELLO4,FFEBHELLO4
2026-04-27 17:15:20,recv: FFEBHELLO4,FFEBHELLO4
2026-04-27 17:15:25,recv: FFE9HELLO4,FFE9HELLO4
2026-04-27 17:15:30,recv: FFE9HELLO4,FFE9HELLO4
2026-04-27 17:15:35,recv: FFE9HELLO4,FFE9HELLO4
2026-04-27 17:15:40,recv: FFE9HELLO4,FFE9HELLO4
2026-04-27 17:15:45,recv: FFEAHELLO4,FFEAHELLO4
2026-04-27 17:15:50,recv: FFEAHELLO4,FFEAHELLO4
2026-04-27 17:15:55,recv: FFEAHELLO4,FFEAHELLO4
2026-04-27 17:16:00,recv: FFEAHELLO4,FFEAHELLO4
2026-04-27 17:16:05,recv: FFEAHELLO4,FFEAHELLO4
2026-04-27 17:16:10,recv: FFEAHELLO4,FFEAHELLO4
2026-04-27 17:16:15,recv: FFEAHELLO4,FFEAHELLO4
2026-04-27 17:16:20,recv: FFEAHELLO4,FFEAHELLO4
2026-04-27 17:16:25,recv: FFEAHELLO4,FFEAHELLO4
2026-04-27 17:16:30,recv: FFEAHELLO4,FFEAHELLO4
2026-04-27 17:16:35,recv: FFEAHELLO4,FFEAHELLO4
2026-04-27 17:16:40,recv: FFEAHELLO4,FFEAHELLO4
2026-04-27 17:16:45,recv: FFEAHELLO4,FFEAHELLO4
2026-04-27 17:16:50,recv: FFE9HELLO4,FFE9HELLO4
2026-04-27 17:16:55,recv: FFEBHELLO4,FFEBHELLO4
2026-04-27 17:17:00,recv: FFEAHELLO4,FFEAHELLO4
2026-04-27 17:17:05,recv: FFEAHELLO4,FFEAHELLO4
2026-04-27 17:17:10,recv: FFEAHELLO4,FFEAHELLO4
2026-04-27 17:17:15,recv: FFEAHELLO4,FFEAHELLO4
2026-04-27 17:17:20,recv: FFE9HELLO4,FFE9HELLO4
2026-04-27 17:17:25,recv: FFE9HELLO4,FFE9HELLO4
2026-04-27 17:17:30,recv: FFE8HELLO4,FFE8HELLO4
2026-04-27 17:17:35,recv: FFE7HELLO4,FFE7HELLO4
2026-04-27 17:17:40,recv: FFE7HELLO4,FFE7HELLO4
2026-04-27 17:17:45,recv: FFE9HELLO4,FFE9HELLO4
2026-04-27 17:17:50,recv: FFE9HELLO4,FFE9HELLO4
2026-04-27 17:17:55,recv: FFE9HELLO4,FFE9HELLO4
2026-04-27 17:18:00,recv: FFE9HELLO4,FFE9HELLO4
2026-04-27 17:18:05,recv: FFE9HELLO4,FFE9HELLO4
2026-04-27 17:18:10,recv: FFE9HELLO4,FFE9HELLO4
2026-04-27 17:18:15,recv: FFE9HELLO4,FFE9HELLO4
2026-04-27 17:18:20,recv: FFE9HELLO4,FFE9HELLO4
2026-04-27 17:18:25,recv: FFE8HELLO4,FFE8HELLO4
2026-04-27 17:18:30,recv: FFE8HELLO4,FFE8HELLO4
2026-04-27 17:18:35,recv: FFE8HELLO4,FFE8HELLO4
2026-04-27 17:18:40,recv: FFE8HELLO4,FFE8HELLO4
2026-04-27 17:18:45,recv: FFE9HELLO4,FFE9HELLO4
2026-04-27 17:18:50,recv: FFE9HELLO4,FFE9HELLO4
2026-04-27 17:18:55,recv: FFE9HELLO4,FFE9HELLO4
2026-04-27 17:19:00,recv: FFE9HELLO4,FFE9HELLO4
2026-04-27 17:19:05,recv: FFE9HELLO4,FFE9HELLO4
2026-04-27 17:19:10,recv: FFE9HELLO4,FFE9HELLO4
2026-04-27 17:19:15,recv: FFE9HELLO4,FFE9HELLO4
2026-04-27 17:19:20,recv: FFE9HELLO4,FFE9HELLO4
2026-04-27 17:19:25,recv: FFE9HELLO4,FFE9HELLO4
2026-04-27 17:19:30,recv: FFE9HELLO4,FFE9HELLO4
2026-04-27 17:19:35,recv: FFE9HELLO4,FFE9HELLO4
2026-04-27 17:19:40,recv: FFE9HELLO4,FFE9HELLO4
2026-04-27 17:19:45,recv: FFEAHELLO4,FFEAHELLO4
2026-04-27 17:19:50,recv: FFEAHELLO4,FFEAHELLO4
2026-04-27 17:19:55,recv: FFEAHELLO4,FFEAHELLO4
2026-04-27 17:20:00,recv: FFE8HELLO4,FFE8HELLO4
2026-04-27 17:20:05,recv: FFE8HELLO4,FFE8HELLO4
2026-04-27 17:20:10,recv: FFE8HELLO4,FFE8HELLO4
2026-04-27 17:20:15,recv: FFE9HELLO4,FFE9HELLO4
2026-04-27 17:20:20,recv: FFE8HELLO4,FFE8HELLO4
2026-04-27 17:20:25,recv: FFE7HELLO4,FFE7HELLO4
2026-04-27 17:20:30,recv: FFE7HELLO4,FFE7HELLO4
2026-04-27 17:20:35,recv: FFE7HELLO4,FFE7HELLO4
2026-04-27 17:20:40,recv: FFE8HELLO4,FFE8HELLO4
2026-04-27 17:20:45,recv: FFE7HELLO4,FFE7HELLO4
2026-04-27 17:20:50,recv: FFE7HELLO4,FFE7HELLO4
2026-04-27 17:20:55,recv: FFE7HELLO4,FFE7HELLO4
2026-04-27 17:21:00,recv: FFE7HELLO4,FFE7HELLO4
2026-04-27 17:21:05,recv: FFE9HELLO4,FFE9HELLO4
2026-04-27 17:21:10,recv: FFE8HELLO4,FFE8HELLO4
2026-04-27 17:21:15,recv: FFE9HELLO4,FFE9HELLO4
2026-04-27 17:21:20,recv: FFE9HELLO4,FFE9HELLO4
2026-04-27 17:21:25,recv: FFE9HELLO4,FFE9HELLO4
2026-04-27 17:21:30,recv: FFE9HELLO4,FFE9HELLO4
2026-04-27 17:21:35,recv: FFE9HELLO4,FFE9HELLO4
2026-04-27 17:21:40,recv: FFEBHELLO4,FFEBHELLO4
2026-04-27 17:21:45,recv: FFE9HELLO4,FFE9HELLO4
2026-04-27 17:21:50,recv: FFE9HELLO4,FFE9HELLO4
2026-04-27 17:21:55,recv: FFE9HELLO4,FFE9HELLO4
2026-04-27 17:22:00,recv: FFEAHELLO4,FFEAHELLO4
2026-04-27 17:22:05,recv: FFE9HELLO4,FFE9HELLO4
2026-04-27 17:22:10,recv: FFE9HELLO4,FFE9HELLO4
2026-04-27 17:22:15,recv: FFE9HELLO4,FFE9HELLO4
2026-04-27 17:22:20,recv: FFE9HELLO4,FFE9HELLO4
2026-04-27 17:22:25,recv: FFE8HELLO4,FFE8HELLO4
2026-04-27 17:22:30,recv: FFE8HELLO4,FFE8HELLO4
2026-04-27 17:22:35,recv: FFE8HELLO4,FFE8HELLO4
2026-04-27 17:22:40,recv: FFE8HELLO4,FFE8HELLO4
2026-04-27 17:22:45,recv: FFE8HELLO4,FFE8HELLO4
2026-04-27 17:22:50,recv: FFE8HELLO4,FFE8HELLO4
2026-04-27 17:22:55,recv: FFE9HELLO4,FFE9HELLO4
2026-04-27 17:23:00,recv: FFE8HELLO4,FFE8HELLO4
2026-04-27 17:23:05,recv: FFE9HELLO4,FFE9HELLO4
2026-04-27 17:23:10,recv: FFE9HELLO4,FFE9HELLO4
2026-04-27 17:23:15,recv: FFE9HELLO4,FFE9HELLO4
2026-04-27 17:23:20,recv: FFE9HELLO4,FFE9HELLO4
2026-04-27 17:23:25,recv: FFE9HELLO4,FFE9HELLO4
2026-04-27 17:23:30,recv: FFE9HELLO4,FFE9HELLO4
2026-04-27 17:23:35,recv: FFEAHELLO4,FFEAHELLO4
2026-04-27 17:23:40,recv: FFEAHELLO4,FFEAHELLO4
2026-04-27 17:23:45,recv: FFE8HELLO4,FFE8HELLO4
2026-04-27 17:23:50,recv: FFE8HELLO4,FFE8HELLO4
2026-04-27 17:23:55,recv: FFE8HELLO4,FFE8HELLO4
2026-04-27 17:24:00,recv: FFE8HELLO4,FFE8HELLO4
2026-04-27 17:24:05,recv: FFE9HELLO4,FFE9HELLO4
2026-04-27 17:24:10,recv: FFE9HELLO4,FFE9HELLO4
2026-04-27 17:24:15,recv: FFE9HELLO4,FFE9HELLO4
2026-04-27 17:24:20,recv: FFE9HELLO4,FFE9HELLO4
2026-04-27 17:24:25,recv: FFE8HELLO4,FFE8HELLO4
2026-04-27 17:24:30,recv: FFE8HELLO4,FFE8HELLO4
2026-04-27 17:24:35,recv: FFE8HELLO4,FFE8HELLO4
2026-04-27 17:24:40,recv: FFE8HELLO4,FFE8HELLO4
2026-04-27 17:24:45,recv: FFE8HELLO4,FFE8HELLO4
2026-04-27 17:24:50,recv: FFE8HELLO4,FFE8HELLO4
2026-04-27 17:24:55,recv: FFE7HELLO4,FFE7HELLO4
2026-04-27 17:25:00,recv: FFE7HELLO4,FFE7HELLO4
2026-04-27 17:25:05,recv: FFE9HELLO4,FFE9HELLO4
2026-04-27 17:25:10,recv: FFE8HELLO4,FFE8HELLO4
2026-04-27 17:25:15,recv: FFE9HELLO4,FFE9HELLO4
2026-04-27 17:25:20,recv: FFE9HELLO4,FFE9HELLO4
2026-04-27 17:25:25,recv: FFE8HELLO4,FFE8HELLO4
2026-04-27 17:25:30,recv: FFE8HELLO4,FFE8HELLO4
2026-04-27 17:25:35,recv: FFE8HELLO4,FFE8HELLO4
2026-04-27 17:25:40,recv: FFE9HELLO4,FFE9HELLO4
2026-04-27 17:25:45,recv: FFE8HELLO4,FFE8HELLO4
2026-04-27 17:25:50,recv: FFE8HELLO4,FFE8HELLO4
2026-04-27 17:25:55,recv: FFE8HELLO4,FFE8HELLO4
2026-04-27 17:26:00,recv: FFEAHELLO4,FFEAHELLO4
2026-04-27 17:26:05,recv: FFE8HELLO4,FFE8HELLO4
2026-04-27 17:26:10,recv: FFE9HELLO4,FFE9HELLO4
2026-04-27 17:26:15,recv: FFE8HELLO4,FFE8HELLO4
2026-04-27 17:26:20,recv: FFE9HELLO4,FFE9HELLO4
2026-04-27 17:26:25,recv: FFE9HELLO4,FFE9HELLO4
2026-04-27 17:26:30,recv: FFE9HELLO4,FFE9HELLO4
2026-04-27 17:26:35,recv: FFE9HELLO4,FFE9HELLO4
2026-04-27 17:26:40,recv: FFEAHELLO4,FFEAHELLO4
2026-04-27 17:26:45,recv: FFE9HELLO4,FFE9HELLO4
2026-04-27 17:26:50,recv: FFE9HELLO4,FFE9HELLO4
2026-04-27 17:26:55,recv: FFEAHELLO4,FFEAHELLO4
2026-04-27 17:27:00,recv: FFE9HELLO4,FFE9HELLO4
2026-04-27 17:27:05,recv: FFEAHELLO4,FFEAHELLO4
2026-04-27 17:27:10,recv: FFE9HELLO4,FFE9HELLO4
2026-04-27 17:27:15,recv: FFE9HELLO4,FFE9HELLO4
2026-04-27 17:27:20,recv: FFEAHELLO4,FFEAHELLO4
2026-04-27 17:27:25,recv: FFEAHELLO4,FFEAHELLO4
2026-04-27 17:27:30,recv: FFEAHELLO4,FFEAHELLO4
2026-04-27 17:27:35,recv: FFEAHELLO4,FFEAHELLO4
2026-04-27 17:27:40,recv: FFEAHELLO4,FFEAHELLO4
2026-04-27 17:27:45,recv: FFE8HELLO4,FFE8HELLO4
2026-04-27 17:27:50,recv: FFE8HELLO4,FFE8HELLO4
2026-04-27 17:27:55,recv: FFE8HELLO4,FFE8HELLO4
2026-04-27 17:28:00,recv: FFE8HELLO4,FFE8HELLO4
2026-04-27 17:28:05,recv: FFE8HELLO4,FFE8HELLO4
2026-04-27 17:28:10,recv: FFE8HELLO4,FFE8HELLO4
2026-04-27 17:28:15,recv: FFE8HELLO4,FFE8HELLO4
2026-04-27 17:28:20,recv: FFE8HELLO4,FFE8HELLO4
2026-04-27 17:28:25,recv: FFE9HELLO4,FFE9HELLO4
2026-04-27 17:28:30,recv: FFE9HELLO4,FFE9HELLO4
2026-04-27 17:28:35,recv: FFEAHELLO4,FFEAHELLO4
2026-04-27 17:28:40,recv: FFEAHELLO4,FFEAHELLO4
2026-04-27 17:28:45,recv: FFEAHELLO4,FFEAHELLO4
2026-04-27 17:28:50,recv: FFEAHELLO4,FFEAHELLO4
2026-04-27 17:28:55,recv: FFEAHELLO4,FFEAHELLO4
2026-04-27 17:29:00,recv: FFEAHELLO4,FFEAHELLO4
2026-04-27 17:29:05,recv: FFE9HELLO4,FFE9HELLO4
2026-04-27 17:29:10,recv: FFE9HELLO4,FFE9HELLO4
2026-04-27 17:29:15,recv: FFE9HELLO4,FFE9HELLO4
2026-04-27 17:29:20,recv: FFE9HELLO4,FFE9HELLO4
2026-04-27 17:29:25,recv: FFE9HELLO4,FFE9HELLO4
2026-04-27 17:29:30,recv: FFE9HELLO4,FFE9HELLO4
2026-04-27 17:29:35,recv: FFE9HELLO4,FFE9HELLO4
2026-04-27 17:29:40,recv: FFE9HELLO4,FFE9HELLO4
2026-04-27 17:29:45,recv: FFE9HELLO4,FFE9HELLO4
2026-04-27 17:29:50,recv: FFE9HELLO4,FFE9HELLO4
2026-04-27 17:29:55,recv: FFE9HELLO4,FFE9HELLO4
2026-04-27 17:30:00,recv: FFE9HELLO4,FFE9HELLO4
2026-04-27 17:30:05,recv: FFE9HELLO4,FFE9HELLO4
2026-04-27 17:30:10,recv: FFE9HELLO4,FFE9HELLO4
2026-04-27 17:30:15,recv: FFE9HELLO4,FFE9HELLO4
2026-04-27 17:30:20,recv: FFE9HELLO4,FFE9HELLO4
2026-04-27 17:30:25,recv: FFEAHELLO4,FFEAHELLO4
2026-04-27 17:30:30,recv: FFEAHELLO4,FFEAHELLO4
2026-04-27 17:30:35,recv: FFEAHELLO4,FFEAHELLO4
2026-04-27 17:30:40,recv: FFEAHELLO4,FFEAHELLO4
2026-04-27 17:30:45,recv: FFE9HELLO4,FFE9HELLO4
2026-04-27 17:30:50,recv: FFEAHELLO4,FFEAHELLO4
2026-04-27 17:30:55,recv: FFEAHELLO4,FFEAHELLO4
2026-04-27 17:31:00,recv: FFEAHELLO4,FFEAHELLO4
2026-04-27 17:31:05,recv: FFE8HELLO4,FFE8HELLO4
2026-04-27 17:31:10,recv: FFE8HELLO4,FFE8HELLO4
2026-04-27 17:31:15,recv: FFE8HELLO4,FFE8HELLO4
2026-04-27 17:31:20,recv: FFE8HELLO4,FFE8HELLO4
2026-04-27 17:31:25,recv: FFE8HELLO4,FFE8HELLO4
2026-04-27 17:31:30,recv: FFE9HELLO4,FFE9HELLO4
2026-04-27 17:31:35,recv: FFE8HELLO4,FFE8HELLO4
2026-04-27 17:31:40,recv: FFE8HELLO4,FFE8HELLO4
2026-04-27 17:31:45,recv: FFEAHELLO4,FFEAHELLO4
2026-04-27 17:31:50,recv: FFEAHELLO4,FFEAHELLO4
2026-04-27 17:31:55,recv: FFEAHELLO4,FFEAHELLO4
2026-04-27 17:32:00,recv: FFEAHELLO4,FFEAHELLO4
2026-04-27 17:32:05,recv: FFEAHELLO4,FFEAHELLO4
2026-04-27 17:32:10,recv: FFEAHELLO4,FFEAHELLO4
2026-04-27 17:32:15,recv: FFEAHELLO4,FFEAHELLO4
2026-04-27 17:32:20,recv: FFEAHELLO4,FFEAHELLO4
2026-04-27 17:32:25,recv: FFEAHELLO4,FFEAHELLO4
2026-04-27 17:32:30,recv: FFEAHELLO4,FFEAHELLO4
2026-04-27 17:32:35,recv: FFEAHELLO4,FFEAHELLO4
2026-04-27 17:32:40,recv: FFEAHELLO4,FFEAHELLO4
2026-04-27 17:32:45,recv: FFE9HELLO4,FFE9HELLO4
2026-04-27 17:32:50,recv: FFE9HELLO4,FFE9HELLO4
2026-04-27 17:32:55,recv: FFE9HELLO4,FFE9HELLO4
2026-04-27 17:33:00,recv: FFEAHELLO4,FFEAHELLO4
2026-04-27 17:33:05,recv: FFE9HELLO4,FFE9HELLO4
2026-04-27 17:33:10,recv: FFE9HELLO4,FFE9HELLO4
2026-04-27 17:33:15,recv: FFE9HELLO4,FFE9HELLO4
2026-04-27 17:33:20,recv: FFE9HELLO4,FFE9HELLO4
2026-04-27 17:33:25,recv: FFE9HELLO4,FFE9HELLO4
2026-04-27 17:33:30,recv: FFE9HELLO4,FFE9HELLO4
2026-04-27 17:33:35,recv: FFE9HELLO4,FFE9HELLO4
2026-04-27 17:33:40,recv: FFE9HELLO4,FFE9HELLO4
2026-04-27 17:33:45,recv: FFEAHELLO4,FFEAHELLO4
2026-04-27 17:33:50,recv: FFEAHELLO4,FFEAHELLO4
2026-04-27 17:33:55,recv: FFEAHELLO4,FFEAHELLO4
2026-04-27 17:34:00,recv: FFEAHELLO4,FFEAHELLO4
2026-04-27 17:34:05,recv: FFE9HELLO4,FFE9HELLO4
2026-04-27 17:34:10,recv: FFE9HELLO4,FFE9HELLO4
2026-04-27 17:34:15,recv: FFEAHELLO4,FFEAHELLO4
2026-04-27 17:34:20,recv: FFE9HELLO4,FFE9HELLO4
2026-04-27 17:34:25,recv: FFE8HELLO4,FFE8HELLO4
2026-04-27 17:34:30,recv: FFE8HELLO4,FFE8HELLO4
2026-04-27 17:34:35,recv: FFE8HELLO4,FFE8HELLO4
2026-04-27 17:34:40,recv: FFE8HELLO4,FFE8HELLO4
2026-04-27 17:34:45,recv: FFE8HELLO4,FFE8HELLO4
2026-04-27 17:34:50,recv: FFE8HELLO4,FFE8HELLO4
2026-04-27 17:34:55,recv: FFE8HELLO4,FFE8HELLO4
2026-04-27 17:35:00,recv: FFE8HELLO4,FFE8HELLO4
2026-04-27 17:35:05,recv: FFE8HELLO4,FFE8HELLO4
2026-04-27 17:35:10,recv: FFE8HELLO4,FFE8HELLO4
2026-04-27 17:35:15,recv: FFE8HELLO4,FFE8HELLO4
2026-04-27 17:35:20,recv: FFE8HELLO4,FFE8HELLO4
2026-04-27 17:35:25,recv: FFE8HELLO4,FFE8HELLO4
2026-04-27 17:35:30,recv: FFE8HELLO4,FFE8HELLO4
2026-04-27 17:35:35,recv: FFE8HELLO4,FFE8HELLO4
2026-04-27 17:35:40,recv: FFE9HELLO4,FFE9HELLO4
2026-04-27 17:35:45,recv: FFEAHELLO4,FFEAHELLO4
2026-04-27 17:35:50,recv: FFEAHELLO4,FFEAHELLO4
2026-04-27 17:35:55,recv: FFEAHELLO4,FFEAHELLO4
2026-04-27 17:36:00,recv: FFEAHELLO4,FFEAHELLO4
2026-04-27 17:36:05,recv: FFE9HELLO4,FFE9HELLO4
2026-04-27 17:36:10,recv: FFE9HELLO4,FFE9HELLO4
2026-04-27 17:36:15,recv: FFEAHELLO4,FFEAHELLO4
2026-04-27 17:36:20,recv: FFEAHELLO4,FFEAHELLO4
2026-04-27 17:36:25,recv: FFE9HELLO4,FFE9HELLO4
2026-04-27 17:36:30,recv: FFE9HELLO4,FFE9HELLO4
2026-04-27 17:36:35,recv: FFE9HELLO4,FFE9HELLO4
2026-04-27 17:36:40,recv: FFE9HELLO4,FFE9HELLO4
2026-04-27 17:36:45,recv: FFE9HELLO4,FFE9HELLO4
2026-04-27 17:36:50,recv: FFE9HELLO4,FFE9HELLO4
2026-04-27 17:36:55,recv: FFE9HELLO4,FFE9HELLO4
2026-04-27 17:37:00,recv: FFE9HELLO4,FFE9HELLO4
2026-04-27 17:37:05,recv: FFEAHELLO4,FFEAHELLO4
2026-04-27 17:37:10,recv: FFEAHELLO4,FFEAHELLO4
2026-04-27 17:37:15,recv: FFEAHELLO4,FFEAHELLO4
2026-04-27 17:37:20,recv: FFEAHELLO4,FFEAHELLO4
2026-04-27 17:37:25,recv: FFEAHELLO4,FFEAHELLO4
2026-04-27 17:37:30,recv: FFEAHELLO4,FFEAHELLO4
2026-04-27 17:37:35,recv: FFEAHELLO4,FFEAHELLO4
2026-04-27 17:37:40,recv: FFEAHELLO4,FFEAHELLO4
2026-04-27 17:37:45,recv: FFE9HELLO4,FFE9HELLO4
2026-04-27 17:37:50,recv: FFE9HELLO4,FFE9HELLO4
2026-04-27 17:37:55,recv: FFEAHELLO4,FFEAHELLO4
2026-04-27 17:38:00,recv: FFEAHELLO4,FFEAHELLO4
2026-04-27 17:38:05,recv: FFEAHELLO4,FFEAHELLO4
2026-04-27 17:38:10,recv: FFEAHELLO4,FFEAHELLO4
2026-04-27 17:38:15,recv: FFEAHELLO4,FFEAHELLO4
2026-04-27 17:38:20,recv: FFEAHELLO4,FFEAHELLO4
2026-04-27 17:38:25,recv: FFE9HELLO4,FFE9HELLO4
2026-04-27 17:38:30,recv: FFE9HELLO4,FFE9HELLO4
2026-04-27 17:38:35,recv: FFE9HELLO4,FFE9HELLO4
2026-04-27 17:38:40,recv: FFE9HELLO4,FFE9HELLO4
2026-04-27 17:38:45,recv: FFE8HELLO4,FFE8HELLO4
2026-04-27 17:38:50,recv: FFE8HELLO4,FFE8HELLO4
2026-04-27 17:38:55,recv: FFE8HELLO4,FFE8HELLO4
2026-04-27 17:39:00,recv: FFE8HELLO4,FFE8HELLO4
2026-04-27 17:39:05,recv: FFEAHELLO4,FFEAHELLO4
2026-04-27 17:39:10,recv: FFEAHELLO4,FFEAHELLO4
2026-04-27 17:39:15,recv: FFEAHELLO4,FFEAHELLO4
2026-04-27 17:39:20,recv: FFEAHELLO4,FFEAHELLO4
2026-04-27 17:39:25,recv: FFE9HELLO4,FFE9HELLO4
2026-04-27 17:39:30,recv: FFEAHELLO4,FFEAHELLO4
2026-04-27 17:39:35,recv: FFEAHELLO4,FFEAHELLO4
2026-04-27 17:39:40,recv: FFE9HELLO4,FFE9HELLO4
2026-04-27 17:39:45,recv: FFE9HELLO4,FFE9HELLO4
2026-04-27 17:39:50,recv: FFE9HELLO4,FFE9HELLO4
2026-04-27 17:39:55,recv: FFE8HELLO4,FFE8HELLO4
2026-04-27 17:40:00,recv: FFE9HELLO4,FFE9HELLO4
2026-04-27 17:40:05,recv: FFE9HELLO4,FFE9HELLO4
2026-04-27 17:40:10,recv: FFE9HELLO4,FFE9HELLO4
2026-04-27 17:40:15,recv: FFE9HELLO4,FFE9HELLO4
2026-04-27 17:40:20,recv: FFE9HELLO4,FFE9HELLO4
2026-04-27 17:40:25,recv: FFE9HELLO4,FFE9HELLO4
2026-04-27 17:40:30,recv: FFE9HELLO4,FFE9HELLO4
2026-04-27 17:40:35,recv: FFE9HELLO4,FFE9HELLO4
2026-04-27 17:40:40,recv: FFE9HELLO4,FFE9HELLO4
2026-04-27 17:40:45,recv: FFE9HELLO4,FFE9HELLO4
2026-04-27 17:40:50,recv: FFE9HELLO4,FFE9HELLO4
2026-04-27 17:40:55,recv: FFE9HELLO4,FFE9HELLO4
2026-04-27 17:41:00,recv: FFE9HELLO4,FFE9HELLO4
2026-04-27 17:41:05,recv: FFEAHELLO4,FFEAHELLO4
2026-04-27 17:41:10,recv: FFEAHELLO4,FFEAHELLO4
2026-04-27 17:41:15,recv: FFEAHELLO4,FFEAHELLO4
2026-04-27 17:41:20,recv: FFEAHELLO4,FFEAHELLO4
2026-04-27 17:41:25,recv: FFEAHELLO4,FFEAHELLO4
2026-04-27 17:41:30,recv: FFEAHELLO4,FFEAHELLO4
2026-04-27 17:41:35,recv: FFEAHELLO4,FFEAHELLO4
2026-04-27 17:41:40,recv: FFEAHELLO4,FFEAHELLO4
2026-04-27 17:41:45,recv: FFE9HELLO4,FFE9HELLO4
2026-04-27 17:41:50,recv: FFE9HELLO4,FFE9HELLO4
2026-04-27 17:41:55,recv: FFE9HELLO4,FFE9HELLO4
2026-04-27 17:42:00,recv: FFE9HELLO4,FFE9HELLO4
2026-04-27 17:42:05,recv: FFE8HELLO4,FFE8HELLO4
2026-04-27 17:42:10,recv: FFE8HELLO4,FFE8HELLO4
2026-04-27 17:42:15,recv: FFE8HELLO4,FFE8HELLO4
2026-04-27 17:42:20,recv: FFE8HELLO4,FFE8HELLO4
2026-04-27 17:42:25,recv: FFEAHELLO4,FFEAHELLO4
2026-04-27 17:42:30,recv: FFEAHELLO4,FFEAHELLO4
2026-04-27 17:42:35,recv: FFEAHELLO4,FFEAHELLO4
2026-04-27 17:42:40,recv: FFEAHELLO4,FFEAHELLO4
2026-04-27 17:42:45,recv: FFEAHELLO4,FFEAHELLO4
2026-04-27 17:42:50,recv: FFEAHELLO4,FFEAHELLO4
2026-04-27 17:42:55,recv: FFEAHELLO4,FFEAHELLO4
2026-04-27 17:43:00,recv: FFEAHELLO4,FFEAHELLO4
2026-04-27 17:43:05,recv: FFEAHELLO4,FFEAHELLO4
2026-04-27 17:43:10,recv: FFEAHELLO4,FFEAHELLO4
2026-04-27 17:43:15,recv: FFEAHELLO4,FFEAHELLO4
2026-04-27 17:43:20,recv: FFEAHELLO4,FFEAHELLO4
2026-04-27 17:43:25,recv: FFEAHELLO4,FFEAHELLO4
2026-04-27 17:43:30,recv: FFE9HELLO4,FFE9HELLO4
2026-04-27 17:43:35,recv: FFEAHELLO4,FFEAHELLO4
2026-04-27 17:43:40,recv: FFEAHELLO4,FFEAHELLO4
2026-04-27 17:43:45,recv: FFE9HELLO4,FFE9HELLO4
2026-04-27 17:43:50,recv: FFE9HELLO4,FFE9HELLO4
2026-04-27 17:43:55,recv: FFE9HELLO4,FFE9HELLO4
2026-04-27 17:44:00,recv: FFE9HELLO4,FFE9HELLO4
2026-04-27 17:44:05,recv: FFE9HELLO4,FFE9HELLO4
2026-04-27 17:44:10,recv: FFE9HELLO4,FFE9HELLO4
2026-04-27 17:44:15,recv: FFE9HELLO4,FFE9HELLO4
2026-04-27 17:44:20,recv: FFE9HELLO4,FFE9HELLO4
2026-04-27 17:44:25,recv: FFEAHELLO4,FFEAHELLO4
2026-04-27 17:44:30,recv: FFEAHELLO4,FFEAHELLO4
2026-04-27 17:44:35,recv: FFEAHELLO4,FFEAHELLO4
2026-04-27 17:44:40,recv: FFEAHELLO4,FFEAHELLO4
2026-04-27 17:44:45,recv: FFEAHELLO4,FFEAHELLO4
2026-04-27 17:44:50,recv: FFEAHELLO4,FFEAHELLO4
2026-04-27 17:44:55,recv: FFEAHELLO4,FFEAHELLO4
2026-04-27 17:45:00,recv: FFEAHELLO4,FFEAHELLO4
2026-04-27 17:45:05,recv: FFE8HELLO4,FFE8HELLO4
2026-04-27 17:45:10,recv: FFE8HELLO4,FFE8HELLO4
2026-04-27 17:45:15,recv: FFE8HELLO4,FFE8HELLO4
2026-04-27 17:45:20,recv: FFE8HELLO4,FFE8HELLO4
2026-04-27 17:45:25,recv: FFE9HELLO4,FFE9HELLO4
2026-04-27 17:45:30,recv: FFE9HELLO4,FFE9HELLO4
2026-04-27 17:45:35,recv: FFE9HELLO4,FFE9HELLO4
2026-04-27 17:45:40,recv: FFE9HELLO4,FFE9HELLO4
2026-04-27 17:45:45,recv: FFE8HELLO4,FFE8HELLO4
2026-04-27 17:45:50,recv: FFE8HELLO4,FFE8HELLO4
2026-04-27 17:45:55,recv: FFE8HELLO4,FFE8HELLO4
2026-04-27 17:46:00,recv: FFE8HELLO4,FFE8HELLO4
2026-04-27 17:46:05,recv: FFE9HELLO4,FFE9HELLO4
2026-04-27 17:46:10,recv: FFE9HELLO4,FFE9HELLO4
2026-04-27 17:46:15,recv: FFE9HELLO4,FFE9HELLO4
2026-04-27 17:46:20,recv: FFE9HELLO4,FFE9HELLO4
2026-04-27 17:46:25,recv: FFEAHELLO4,FFEAHELLO4
2026-04-27 17:46:30,recv: FFEAHELLO4,FFEAHELLO4
2026-04-27 17:46:35,recv: FFEAHELLO4,FFEAHELLO4
2026-04-27 17:46:40,recv: FFEAHELLO4,FFEAHELLO4
2026-04-27 17:46:45,recv: FFEAHELLO4,FFEAHELLO4
2026-04-27 17:46:50,recv: FFEAHELLO4,FFEAHELLO4
2026-04-27 17:46:55,recv: FFEAHELLO4,FFEAHELLO4
2026-04-27 17:47:00,recv: FFEAHELLO4,FFEAHELLO4
2026-04-27 17:47:05,recv: FFE9HELLO4,FFE9HELLO4
2026-04-27 17:47:10,recv: FFE9HELLO4,FFE9HELLO4
2026-04-27 17:47:15,recv: FFE9HELLO4,FFE9HELLO4
2026-04-27 17:47:20,recv: FFE9HELLO4,FFE9HELLO4
2026-04-27 17:47:25,recv: FFE9HELLO4,FFE9HELLO4
2026-04-27 17:47:30,recv: FFE9HELLO4,FFE9HELLO4
2026-04-27 17:47:35,recv: FFE9HELLO4,FFE9HELLO4
2026-04-27 17:47:40,recv: FFE9HELLO4,FFE9HELLO4
2026-04-27 17:47:45,recv: FFEAHELLO4,FFEAHELLO4
2026-04-27 17:47:50,recv: FFEAHELLO4,FFEAHELLO4
2026-04-27 17:47:55,recv: FFEAHELLO4,FFEAHELLO4
2026-04-27 17:48:00,recv: FFEAHELLO4,FFEAHELLO4
2026-04-27 17:48:05,recv: FFEAHELLO4,FFEAHELLO4
2026-04-27 17:48:10,recv: FFEAHELLO4,FFEAHELLO4
2026-04-27 17:48:15,recv: FFEAHELLO4,FFEAHELLO4
2026-04-27 17:48:20,recv: FFEAHELLO4,FFEAHELLO4
2026-04-27 17:48:25,recv: FFEAHELLO4,FFEAHELLO4
2026-04-27 17:48:30,recv: FFEAHELLO4,FFEAHELLO4
2026-04-27 17:48:35,recv: FFEAHELLO4,FFEAHELLO4
2026-04-27 17:48:40,recv: FFEAHELLO4,FFEAHELLO4
2026-04-27 17:48:45,recv: FFEAHELLO4,FFEAHELLO4
2026-04-27 17:48:50,recv: FFEAHELLO4,FFEAHELLO4
2026-04-27 17:48:55,recv: FFEAHELLO4,FFEAHELLO4
2026-04-27 17:49:00,recv: FFEAHELLO4,FFEAHELLO4
2026-04-27 17:49:05,recv: FFE9HELLO4,FFE9HELLO4
2026-04-27 17:49:10,recv: FFE9HELLO4,FFE9HELLO4
2026-04-27 17:49:15,recv: FFE9HELLO4,FFE9HELLO4
2026-04-27 17:49:20,recv: FFE9HELLO4,FFE9HELLO4
2026-04-27 17:49:25,recv: FFE8HELLO4,FFE8HELLO4
2026-04-27 17:49:30,recv: FFE8HELLO4,FFE8HELLO4
2026-04-27 17:49:35,recv: FFE8HELLO4,FFE8HELLO4
2026-04-27 17:49:40,recv: FFE8HELLO4,FFE8HELLO4
2026-04-27 17:49:45,recv: FFEAHELLO4,FFEAHELLO4
2026-04-27 17:49:50,recv: FFEAHELLO4,FFEAHELLO4
2026-04-27 17:49:55,recv: FFEAHELLO4,FFEAHELLO4
2026-04-27 17:50:00,recv: FFEAHELLO4,FFEAHELLO4
2026-04-27 17:50:05,recv: FFEAHELLO4,FFEAHELLO4
2026-04-27 17:50:10,recv: FFEAHELLO4,FFEAHELLO4
2026-04-27 17:50:15,recv: FFEAHELLO4,FFEAHELLO4
2026-04-27 17:50:20,recv: FFEAHELLO4,FFEAHELLO4
2026-04-27 17:50:25,recv: FFE9HELLO4,FFE9HELLO4
2026-04-27 17:50:30,recv: FFE9HELLO4,FFE9HELLO4
2026-04-27 17:50:35,recv: FFE9HELLO4,FFE9HELLO4
2026-04-27 17:50:40,recv: FFE9HELLO4,FFE9HELLO4
2026-04-27 17:50:45,recv: FFE9HELLO4,FFE9HELLO4
2026-04-27 17:50:50,recv: FFE9HELLO4,FFE9HELLO4
2026-04-27 17:50:55,recv: FFE9HELLO4,FFE9HELLO4
2026-04-27 17:51:00,recv: FFE9HELLO4,FFE9HELLO4
2026-04-27 17:51:05,recv: FFE9HELLO4,FFE9HELLO4
2026-04-27 17:51:10,recv: FFE9HELLO4,FFE9HELLO4
2026-04-27 17:51:15,recv: FFE9HELLO4,FFE9HELLO4
2026-04-27 17:51:20,recv: FFE9HELLO4,FFE9HELLO4
2026-04-27 17:51:25,recv: FFE9HELLO4,FFE9HELLO4
2026-04-27 17:51:30,recv: FFE9HELLO4,FFE9HELLO4
2026-04-27 17:51:35,recv: FFE9HELLO4,FFE9HELLO4
2026-04-27 17:51:40,recv: FFE9HELLO4,FFE9HELLO4
2026-04-27 17:51:45,recv: FFEAHELLO4,FFEAHELLO4
2026-04-27 17:51:50,recv: FFEAHELLO4,FFEAHELLO4
2026-04-27 17:51:55,recv: FFE9HELLO4,FFE9HELLO4
2026-04-27 17:52:00,recv: FFEAHELLO4,FFEAHELLO4
2026-04-27 17:52:05,recv: FFE9HELLO4,FFE9HELLO4
2026-04-27 17:52:10,recv: FFE9HELLO4,FFE9HELLO4
2026-04-27 17:52:15,recv: FFEAHELLO4,FFEAHELLO4
2026-04-27 17:52:20,recv: FFEAHELLO4,FFEAHELLO4
2026-04-27 17:52:25,recv: FFE9HELLO4,FFE9HELLO4
2026-04-27 17:52:30,recv: FFE9HELLO4,FFE9HELLO4
2026-04-27 17:52:35,recv: FFE9HELLO4,FFE9HELLO4
2026-04-27 17:52:40,recv: FFE8HELLO4,FFE8HELLO4
2026-04-27 17:52:45,recv: FFE8HELLO4,FFE8HELLO4
2026-04-27 17:52:50,recv: FFE8HELLO4,FFE8HELLO4
2026-04-27 17:52:55,recv: FFE8HELLO4,FFE8HELLO4
2026-04-27 17:53:00,recv: FFE8HELLO4,FFE8HELLO4
2026-04-27 17:53:05,recv: FFE9HELLO4,FFE9HELLO4
2026-04-27 17:53:10,recv: FFEAHELLO4,FFEAHELLO4
2026-04-27 17:53:15,recv: FFEAHELLO4,FFEAHELLO4
2026-04-27 17:53:20,recv: FFEAHELLO4,FFEAHELLO4
2026-04-27 17:53:25,recv: FFEAHELLO4,FFEAHELLO4
2026-04-27 17:53:30,recv: FFEAHELLO4,FFEAHELLO4
2026-04-27 17:53:35,recv: FFEAHELLO4,FFEAHELLO4
2026-04-27 17:53:40,recv: FFEAHELLO4,FFEAHELLO4
2026-04-27 17:53:45,recv: FFEAHELLO4,FFEAHELLO4
2026-04-27 17:53:50,recv: FFEAHELLO4,FFEAHELLO4
2026-04-27 17:53:55,recv: FFEAHELLO4,FFEAHELLO4
2026-04-27 17:54:00,recv: FFEAHELLO4,FFEAHELLO4
2026-04-27 17:54:05,recv: FFEAHELLO4,FFEAHELLO4
2026-04-27 17:54:10,recv: FFEAHELLO4,FFEAHELLO4
2026-04-27 17:54:15,recv: FFEAHELLO4,FFEAHELLO4
2026-04-27 17:54:20,recv: FFEAHELLO4,FFEAHELLO4
2026-04-27 17:54:25,recv: FFE9HELLO4,FFE9HELLO4
2026-04-27 17:54:30,recv: FFE9HELLO4,FFE9HELLO4
2026-04-27 17:54:35,recv: FFE9HELLO4,FFE9HELLO4
2026-04-27 17:54:40,recv: FFE9HELLO4,FFE9HELLO4
2026-04-27 17:54:45,recv: FFE9HELLO4,FFE9HELLO4
2026-04-27 17:54:50,recv: FFE9HELLO4,FFE9HELLO4
2026-04-27 17:54:55,recv: FFE9HELLO4,FFE9HELLO4
2026-04-27 17:55:00,recv: FFE9HELLO4,FFE9HELLO4
2026-04-27 17:55:05,recv: FFEAHELLO4,FFEAHELLO4
2026-04-27 17:55:10,recv: FFEAHELLO4,FFEAHELLO4
2026-04-27 17:55:15,recv: FFEAHELLO4,FFEAHELLO4
2026-04-27 17:55:20,recv: FFEAHELLO4,FFEAHELLO4
2026-04-27 17:55:25,recv: FFEAHELLO4,FFEAHELLO4
2026-04-27 17:55:30,recv: FFEAHELLO4,FFEAHELLO4
2026-04-27 17:55:35,recv: FFEAHELLO4,FFEAHELLO4
2026-04-27 17:55:40,recv: FFEAHELLO4,FFEAHELLO4
2026-04-27 17:55:45,recv: FFE8HELLO4,FFE8HELLO4
2026-04-27 17:55:50,recv: FFE8HELLO4,FFE8HELLO4
2026-04-27 17:55:55,recv: FFE8HELLO4,FFE8HELLO4
2026-04-27 17:56:00,recv: FFE8HELLO4,FFE8HELLO4
2026-04-27 17:56:05,recv: FFE9HELLO4,FFE9HELLO4
2026-04-27 17:56:10,recv: FFE9HELLO4,FFE9HELLO4
2026-04-27 17:56:15,recv: FFE9HELLO4,FFE9HELLO4
2026-04-27 17:56:20,recv: FFE9HELLO4,FFE9HELLO4
2026-04-27 17:56:25,recv: FFE8HELLO4,FFE8HELLO4
2026-04-27 17:56:30,recv: FFE8HELLO4,FFE8HELLO4
2026-04-27 17:56:35,recv: FFE8HELLO4,FFE8HELLO4
2026-04-27 17:56:40,recv: FFE8HELLO4,FFE8HELLO4
2026-04-27 17:56:45,recv: FFE9HELLO4,FFE9HELLO4
2026-04-27 17:56:50,recv: FFE9HELLO4,FFE9HELLO4
2026-04-27 17:56:55,recv: FFE9HELLO4,FFE9HELLO4
2026-04-27 17:57:00,recv: FFE9HELLO4,FFE9HELLO4
2026-04-27 17:57:05,recv: FFEAHELLO4,FFEAHELLO4
2026-04-27 17:57:10,recv: FFEAHELLO4,FFEAHELLO4
2026-04-27 17:57:15,recv: FFEAHELLO4,FFEAHELLO4
2026-04-27 17:57:20,recv: FFEAHELLO4,FFEAHELLO4
2026-04-27 17:57:25,recv: FFEAHELLO4,FFEAHELLO4
2026-04-27 17:57:30,recv: FFEAHELLO4,FFEAHELLO4
2026-04-27 17:57:35,recv: FFEAHELLO4,FFEAHELLO4
2026-04-27 17:57:40,recv: FFEAHELLO4,FFEAHELLO4
2026-04-27 17:57:45,recv: FFE9HELLO4,FFE9HELLO4
2026-04-27 17:57:50,recv: FFE9HELLO4,FFE9HELLO4
2026-04-27 17:57:55,recv: FFE9HELLO4,FFE9HELLO4
2026-04-27 17:58:00,recv: FFE9HELLO4,FFE9HELLO4
2026-04-27 17:58:05,recv: FFE9HELLO4,FFE9HELLO4
2026-04-27 17:58:10,recv: FFE9HELLO4,FFE9HELLO4
2026-04-27 17:58:15,recv: FFE9HELLO4,FFE9HELLO4
2026-04-27 17:58:20,recv: FFE9HELLO4,FFE9HELLO4
2026-04-27 17:58:25,recv: FFEAHELLO4,FFEAHELLO4
2026-04-27 17:58:30,recv: FFE9HELLO4,FFE9HELLO4
2026-04-27 17:58:35,recv: FFEAHELLO4,FFEAHELLO4
2026-04-27 17:58:40,recv: FFEAHELLO4,FFEAHELLO4
2026-04-27 17:58:45,recv: FFEAHELLO4,FFEAHELLO4
2026-04-27 17:58:50,recv: FFEAHELLO4,FFEAHELLO4
2026-04-27 17:58:55,recv: FFEAHELLO4,FFEAHELLO4
2026-04-27 17:59:00,recv: FFEAHELLO4,FFEAHELLO4
2026-04-27 17:59:05,recv: FFEAHELLO4,FFEAHELLO4
2026-04-27 17:59:10,recv: FFEAHELLO4,FFEAHELLO4
2026-04-27 17:59:15,recv: FFEAHELLO4,FFEAHELLO4
2026-04-27 17:59:20,recv: FFEAHELLO4,FFEAHELLO4
2026-04-27 17:59:25,recv: FFEAHELLO4,FFEAHELLO4
2026-04-27 17:59:30,recv: FFEAHELLO4,FFEAHELLO4
2026-04-27 17:59:35,recv: FFEAHELLO4,FFEAHELLO4
2026-04-27 17:59:40,recv: FFEAHELLO4,FFEAHELLO4
2026-04-27 17:59:45,recv: FFE9HELLO4,FFE9HELLO4
2026-04-27 17:59:50,recv: FFE9HELLO4,FFE9HELLO4
2026-04-27 17:59:55,recv: FFE9HELLO4,FFE9HELLO4
2026-04-27 18:00:00,recv: FFE9HELLO4,FFE9HELLO4
2026-04-27 18:00:05,recv: FFE8HELLO4,FFE8HELLO4
2026-04-27 18:00:10,recv: FFE8HELLO4,FFE8HELLO4
2026-04-27 18:00:15,recv: FFE8HELLO4,FFE8HELLO4
2026-04-27 18:00:20,recv: FFE8HELLO4,FFE8HELLO4
2026-04-27 18:00:25,recv: FFE9HELLO4,FFE9HELLO4
2026-04-27 18:00:30,recv: FFEAHELLO4,FFEAHELLO4
2026-04-27 18:00:35,recv: FFEAHELLO4,FFEAHELLO4
2026-04-27 18:00:40,recv: FFEAHELLO4,FFEAHELLO4
2026-04-27 18:00:45,recv: FFEAHELLO4,FFEAHELLO4
2026-04-27 18:00:50,recv: FFEAHELLO4,FFEAHELLO4
2026-04-27 18:00:55,recv: FFEAHELLO4,FFEAHELLO4
2026-04-27 18:01:00,recv: FFEAHELLO4,FFEAHELLO4
2026-04-27 18:01:05,recv: FFE9HELLO4,FFE9HELLO4
2026-04-27 18:01:10,recv: FFE9HELLO4,FFE9HELLO4
2026-04-27 18:01:15,recv: FFE9HELLO4,FFE9HELLO4
2026-04-27 18:01:20,recv: FFE9HELLO4,FFE9HELLO4
2026-04-27 18:01:25,recv: FFE9HELLO4,FFE9HELLO4
2026-04-27 18:01:30,recv: FFE9HELLO4,FFE9HELLO4
2026-04-27 18:01:35,recv: FFE9HELLO4,FFE9HELLO4
2026-04-27 18:01:40,recv: FFE9HELLO4,FFE9HELLO4
2026-04-27 18:01:45,recv: FFE9HELLO4,FFE9HELLO4
2026-04-27 18:01:50,recv: FFE9HELLO4,FFE9HELLO4
2026-04-27 18:01:55,recv: FFE9HELLO4,FFE9HELLO4
2026-04-27 18:02:00,recv: FFE9HELLO4,FFE9HELLO4
2026-04-27 18:02:05,recv: FFE9HELLO4,FFE9HELLO4
2026-04-27 18:02:10,recv: FFE9HELLO4,FFE9HELLO4
2026-04-27 18:02:15,recv: FFE9HELLO4,FFE9HELLO4
2026-04-27 18:02:20,recv: FFE9HELLO4,FFE9HELLO4
2026-04-27 18:02:25,recv: FFEAHELLO4,FFEAHELLO4
2026-04-27 18:02:30,recv: FFEAHELLO4,FFEAHELLO4
2026-04-27 18:02:35,recv: FFEAHELLO4,FFEAHELLO4
2026-04-27 18:02:40,recv: FFEAHELLO4,FFEAHELLO4
2026-04-27 18:02:45,recv: FFEAHELLO4,FFEAHELLO4
2026-04-27 18:02:50,recv: FFEAHELLO4,FFEAHELLO4
2026-04-27 18:02:55,recv: FFEAHELLO4,FFEAHELLO4
2026-04-27 18:03:00,recv: FFEAHELLO4,FFEAHELLO4
2026-04-27 18:03:05,recv: FFE9HELLO4,FFE9HELLO4
2026-04-27 18:03:10,recv: FFE9HELLO4,FFE9HELLO4
2026-04-27 18:03:15,recv: FFE9HELLO4,FFE9HELLO4
2026-04-27 18:03:20,recv: FFE9HELLO4,FFE9HELLO4
2026-04-27 18:03:25,recv: FFE8HELLO4,FFE8HELLO4
2026-04-27 18:03:30,recv: FFE8HELLO4,FFE8HELLO4
2026-04-27 18:03:35,recv: FFE8HELLO4,FFE8HELLO4
2026-04-27 18:03:40,recv: FFE8HELLO4,FFE8HELLO4
2026-04-27 18:03:45,recv: FFEAHELLO4,FFEAHELLO4
2026-04-27 18:03:50,recv: FFEAHELLO4,FFEAHELLO4
2026-04-27 18:03:55,recv: FFEAHELLO4,FFEAHELLO4
2026-04-27 18:04:00,recv: FFEAHELLO4,FFEAHELLO4
2026-04-27 18:04:05,recv: FFEAHELLO4,FFEAHELLO4
2026-04-27 18:04:10,recv: FFEAHELLO4,FFEAHELLO4
2026-04-27 18:04:15,recv: FFEAHELLO4,FFEAHELLO4
2026-04-27 18:04:20,recv: FFEAHELLO4,FFEAHELLO4
2026-04-27 18:04:25,recv: FFEAHELLO4,FFEAHELLO4
2026-04-27 18:04:30,recv: FFE9HELLO4,FFE9HELLO4
2026-04-27 18:04:35,recv: FFEAHELLO4,FFEAHELLO4
2026-04-27 18:04:40,recv: FFEAHELLO4,FFEAHELLO4
2026-04-27 18:04:45,recv: FFEAHELLO4,FFEAHELLO4
2026-04-27 18:04:50,recv: FFEAHELLO4,FFEAHELLO4
2026-04-27 18:04:55,recv: FFEAHELLO4,FFEAHELLO4
2026-04-27 18:05:00,recv: FFEAHELLO4,FFEAHELLO4
2026-04-27 18:05:05,recv: FFE9HELLO4,FFE9HELLO4
2026-04-27 18:05:10,recv: FFE9HELLO4,FFE9HELLO4
2026-04-27 18:05:15,recv: FFE9HELLO4,FFE9HELLO4
2026-04-27 18:05:20,recv: FFE9HELLO4,FFE9HELLO4
2026-04-27 18:05:25,recv: FFE9HELLO4,FFE9HELLO4
2026-04-27 18:05:30,recv: FFE9HELLO4,FFE9HELLO4
2026-04-27 18:05:35,recv: FFE9HELLO4,FFE9HELLO4
2026-04-27 18:05:40,recv: FFE9HELLO4,FFE9HELLO4
2026-04-27 18:05:45,recv: FFEAHELLO4,FFEAHELLO4
2026-04-27 18:05:50,recv: FFEAHELLO4,FFEAHELLO4
2026-04-27 18:05:55,recv: FFEAHELLO4,FFEAHELLO4
2026-04-27 18:06:00,recv: FFEAHELLO4,FFEAHELLO4
2026-04-27 18:06:05,recv: FFEAHELLO4,FFEAHELLO4
2026-04-27 18:06:10,recv: FFEAHELLO4,FFEAHELLO4
2026-04-27 18:06:15,recv: FFEAHELLO4,FFEAHELLO4
2026-04-27 18:06:20,recv: FFEAHELLO4,FFEAHELLO4
2026-04-27 18:06:25,recv: FFE8HELLO4,FFE8HELLO4
2026-04-27 18:06:30,recv: FFE8HELLO4,FFE8HELLO4
2026-04-27 18:06:35,recv: FFE8HELLO4,FFE8HELLO4
2026-04-27 18:06:40,recv: FFE8HELLO4,FFE8HELLO4
2026-04-27 18:06:45,recv: FFE9HELLO4,FFE9HELLO4
2026-04-27 18:06:50,recv: FFE9HELLO4,FFE9HELLO4
2026-04-27 18:06:55,recv: FFE9HELLO4,FFE9HELLO4
2026-04-27 18:07:00,recv: FFE9HELLO4,FFE9HELLO4
2026-04-27 18:07:05,recv: FFE8HELLO4,FFE8HELLO4
2026-04-27 18:07:10,recv: FFE8HELLO4,FFE8HELLO4
2026-04-27 18:07:15,recv: FFE8HELLO4,FFE8HELLO4
2026-04-27 18:07:20,recv: FFE8HELLO4,FFE8HELLO4
2026-04-27 18:07:25,recv: FFE9HELLO4,FFE9HELLO4
2026-04-27 18:07:30,recv: FFE9HELLO4,FFE9HELLO4
2026-04-27 18:07:35,recv: FFE9HELLO4,FFE9HELLO4
2026-04-27 18:07:40,recv: FFE9HELLO4,FFE9HELLO4
2026-04-27 18:07:45,recv: FFEAHELLO4,FFEAHELLO4
2026-04-27 18:07:50,recv: FFEAHELLO4,FFEAHELLO4
2026-04-27 18:07:55,recv: FFEAHELLO4,FFEAHELLO4
2026-04-27 18:08:00,recv: FFEAHELLO4,FFEAHELLO4
2026-04-27 18:08:05,recv: FFEAHELLO4,FFEAHELLO4
2026-04-27 18:08:10,recv: FFEAHELLO4,FFEAHELLO4
2026-04-27 18:08:15,recv: FFEAHELLO4,FFEAHELLO4
2026-04-27 18:08:20,recv: FFE9HELLO4,FFE9HELLO4
2026-04-27 18:08:25,recv: FFE9HELLO4,FFE9HELLO4
2026-04-27 18:08:30,recv: FFE9HELLO4,FFE9HELLO4
2026-04-27 18:08:35,recv: FFE9HELLO4,FFE9HELLO4
2026-04-27 18:08:40,recv: FFE9HELLO4,FFE9HELLO4
2026-04-27 18:08:45,recv: FFE9HELLO4,FFE9HELLO4
2026-04-27 18:08:50,recv: FFE9HELLO4,FFE9HELLO4
2026-04-27 18:08:55,recv: FFE9HELLO4,FFE9HELLO4
2026-04-27 18:09:00,recv: FFE9HELLO4,FFE9HELLO4
2026-04-27 18:09:05,recv: FFEAHELLO4,FFEAHELLO4
2026-04-27 18:09:10,recv: FFEAHELLO4,FFEAHELLO4
2026-04-27 18:09:15,recv: FFEAHELLO4,FFEAHELLO4
2026-04-27 18:09:20,recv: FFEAHELLO4,FFEAHELLO4
2026-04-27 18:09:25,recv: FFEAHELLO4,FFEAHELLO4
2026-04-27 18:09:30,recv: FFEAHELLO4,FFEAHELLO4
2026-04-27 18:09:35,recv: FFEAHELLO4,FFEAHELLO4
2026-04-27 18:09:40,recv: FFEAHELLO4,FFEAHELLO4
2026-04-27 18:09:45,recv: FFE9HELLO4,FFE9HELLO4
2026-04-27 18:09:50,recv: FFEAHELLO4,FFEAHELLO4
2026-04-27 18:09:55,recv: FFEAHELLO4,FFEAHELLO4
2026-04-27 18:10:00,recv: FFEAHELLO4,FFEAHELLO4
2026-04-27 18:10:05,recv: FFEAHELLO4,FFEAHELLO4
2026-04-27 18:10:10,recv: FFEAHELLO4,FFEAHELLO4
2026-04-27 18:10:15,recv: FFEAHELLO4,FFEAHELLO4
2026-04-27 18:10:20,recv: FFEAHELLO4,FFEAHELLO4
2026-04-27 18:10:25,recv: FFE9HELLO4,FFE9HELLO4
2026-04-27 18:10:30,recv: FFE9HELLO4,FFE9HELLO4
2026-04-27 18:10:35,recv: FFE9HELLO4,FFE9HELLO4
2026-04-27 18:10:40,recv: FFE9HELLO4,FFE9HELLO4
2026-04-27 18:10:45,recv: FFE8HELLO4,FFE8HELLO4
2026-04-27 18:10:50,recv: FFE8HELLO4,FFE8HELLO4
2026-04-27 18:10:55,recv: FFE8HELLO4,FFE8HELLO4
2026-04-27 18:11:00,recv: FFE8HELLO4,FFE8HELLO4
2026-04-27 18:11:05,recv: FFEAHELLO4,FFEAHELLO4
2026-04-27 18:11:10,recv: FFEAHELLO4,FFEAHELLO4
2026-04-27 18:11:15,recv: FFEAHELLO4,FFEAHELLO4
2026-04-27 18:11:20,recv: FFEAHELLO4,FFEAHELLO4
2026-04-27 18:11:25,recv: FFEAHELLO4,FFEAHELLO4
2026-04-27 18:11:30,recv: FFEAHELLO4,FFEAHELLO4
2026-04-27 18:11:35,recv: FFEAHELLO4,FFEAHELLO4
2026-04-27 18:11:40,recv: FFEAHELLO4,FFEAHELLO4
2026-04-27 18:11:45,recv: FFE9HELLO4,FFE9HELLO4
2026-04-27 18:11:50,recv: FFE9HELLO4,FFE9HELLO4
2026-04-27 18:11:55,recv: FFE9HELLO4,FFE9HELLO4
2026-04-27 18:12:00,recv: FFE9HELLO4,FFE9HELLO4
2026-04-27 18:12:05,recv: FFE9HELLO4,FFE9HELLO4
2026-04-27 18:12:10,recv: FFE9HELLO4,FFE9HELLO4
2026-04-27 18:12:15,recv: FFE9HELLO4,FFE9HELLO4
2026-04-27 18:12:20,recv: FFE9HELLO4,FFE9HELLO4
2026-04-27 18:12:25,recv: FFE9HELLO4,FFE9HELLO4
2026-04-27 18:12:30,recv: FFE9HELLO4,FFE9HELLO4
2026-04-27 18:12:35,recv: FFE9HELLO4,FFE9HELLO4
2026-04-27 18:12:40,recv: FFE9HELLO4,FFE9HELLO4
2026-04-27 18:12:45,recv: FFE9HELLO4,FFE9HELLO4
2026-04-27 18:12:50,recv: FFE9HELLO4,FFE9HELLO4
2026-04-27 18:12:55,recv: FFE9HELLO4,FFE9HELLO4
2026-04-27 18:13:00,recv: FFE9HELLO4,FFE9HELLO4
2026-04-27 18:13:05,recv: FFEAHELLO4,FFEAHELLO4
2026-04-27 18:13:10,recv: FFEAHELLO4,FFEAHELLO4
2026-04-27 18:13:15,recv: FFEAHELLO4,FFEAHELLO4
2026-04-27 18:13:20,recv: FFEAHELLO4,FFEAHELLO4
2026-04-27 18:13:25,recv: FFEAHELLO4,FFEAHELLO4
2026-04-27 18:13:30,recv: FFEAHELLO4,FFEAHELLO4
2026-04-27 18:13:35,recv: FFEAHELLO4,FFEAHELLO4
2026-04-27 18:13:40,recv: FFE9HELLO4,FFE9HELLO4
2026-04-27 18:13:45,recv: FFE9HELLO4,FFE9HELLO4
2026-04-27 18:13:50,recv: FFE9HELLO4,FFE9HELLO4
2026-04-27 18:13:55,recv: FFE9HELLO4,FFE9HELLO4
2026-04-27 18:14:00,recv: FFE9HELLO4,FFE9HELLO4
2026-04-27 18:14:05,recv: FFE8HELLO4,FFE8HELLO4
2026-04-27 18:14:10,recv: FFE8HELLO4,FFE8HELLO4
2026-04-27 18:14:15,recv: FFE8HELLO4,FFE8HELLO4
2026-04-27 18:14:20,recv: FFE8HELLO4,FFE8HELLO4
2026-04-27 18:14:25,recv: FFEAHELLO4,FFEAHELLO4
2026-04-27 18:14:30,recv: FFEAHELLO4,FFEAHELLO4
2026-04-27 18:14:35,recv: FFEAHELLO4,FFEAHELLO4
2026-04-27 18:14:40,recv: FFEAHELLO4,FFEAHELLO4
2026-04-27 18:14:45,recv: FFEAHELLO4,FFEAHELLO4
2026-04-27 18:14:50,recv: FFEAHELLO4,FFEAHELLO4
2026-04-27 18:14:55,recv: FFEAHELLO4,FFEAHELLO4
2026-04-27 18:15:00,recv: FFEAHELLO4,FFEAHELLO4
2026-04-27 18:15:05,recv: FFEAHELLO4,FFEAHELLO4
2026-04-27 18:15:10,recv: FFEAHELLO4,FFEAHELLO4
2026-04-27 18:15:15,recv: FFEAHELLO4,FFEAHELLO4
2026-04-27 18:15:20,recv: FFEAHELLO4,FFEAHELLO4
2026-04-27 18:15:25,recv: FFEAHELLO4,FFEAHELLO4
2026-04-27 18:15:30,recv: FFEAHELLO4,FFEAHELLO4
2026-04-27 18:15:35,recv: FFEAHELLO4,FFEAHELLO4
2026-04-27 18:15:40,recv: FFEAHELLO4,FFEAHELLO4
2026-04-27 18:15:45,recv: FFE9HELLO4,FFE9HELLO4
2026-04-27 18:15:50,recv: FFE9HELLO4,FFE9HELLO4
2026-04-27 18:15:55,recv: FFE9HELLO4,FFE9HELLO4
2026-04-27 18:16:00,recv: FFE9HELLO4,FFE9HELLO4
2026-04-27 18:16:05,recv: FFE9HELLO4,FFE9HELLO4
2026-04-27 18:16:10,recv: FFE9HELLO4,FFE9HELLO4
2026-04-27 18:16:15,recv: FFE9HELLO4,FFE9HELLO4
2026-04-27 18:16:20,recv: FFE9HELLO4,FFE9HELLO4
2026-04-27 18:16:25,recv: FFEAHELLO4,FFEAHELLO4
2026-04-27 18:16:30,recv: FFEAHELLO4,FFEAHELLO4
2026-04-27 18:16:35,recv: FFEAHELLO4,FFEAHELLO4
2026-04-27 18:16:40,recv: FFEAHELLO4,FFEAHELLO4
2026-04-27 18:16:45,recv: FFEAHELLO4,FFEAHELLO4
2026-04-27 18:16:50,recv: FFEAHELLO4,FFEAHELLO4
2026-04-27 18:16:55,recv: FFEAHELLO4,FFEAHELLO4
2026-04-27 18:17:00,recv: FFEAHELLO4,FFEAHELLO4
2026-04-27 18:17:05,recv: FFE8HELLO4,FFE8HELLO4
2026-04-27 18:17:10,recv: FFE8HELLO4,FFE8HELLO4
2026-04-27 18:17:15,recv: FFE8HELLO4,FFE8HELLO4
2026-04-27 18:17:20,recv: FFE8HELLO4,FFE8HELLO4
2026-04-27 18:17:25,recv: FFE9HELLO4,FFE9HELLO4
2026-04-27 18:17:30,recv: FFE9HELLO4,FFE9HELLO4
2026-04-27 18:17:35,recv: FFE8HELLO4,FFE8HELLO4
2026-04-27 18:17:40,recv: FFE9HELLO4,FFE9HELLO4
2026-04-27 18:17:45,recv: FFE8HELLO4,FFE8HELLO4
2026-04-27 18:17:50,recv: FFE8HELLO4,FFE8HELLO4
2026-04-27 18:17:55,recv: FFE7HELLO4,FFE7HELLO4
2026-04-27 18:18:00,recv: FFE8HELLO4,FFE8HELLO4
2026-04-27 18:18:05,recv: FFE8HELLO4,FFE8HELLO4
2026-04-27 18:18:10,recv: FFE8HELLO4,FFE8HELLO4
2026-04-27 18:18:15,recv: FFE8HELLO4,FFE8HELLO4
2026-04-27 18:18:20,recv: FFE8HELLO4,FFE8HELLO4
2026-04-27 18:18:25,recv: FFEAHELLO4,FFEAHELLO4
2026-04-27 18:18:30,recv: FFEAHELLO4,FFEAHELLO4
2026-04-27 18:18:35,recv: FFEAHELLO4,FFEAHELLO4
2026-04-27 18:18:40,recv: FFEAHELLO4,FFEAHELLO4
2026-04-27 18:18:45,recv: FFE9HELLO4,FFE9HELLO4
2026-04-27 18:18:50,recv: FFEAHELLO4,FFEAHELLO4
2026-04-27 18:18:55,recv: FFEAHELLO4,FFEAHELLO4
2026-04-27 18:19:00,recv: FFEAHELLO4,FFEAHELLO4
2026-04-27 18:19:05,recv: FFE9HELLO4,FFE9HELLO4
2026-04-27 18:19:10,recv: FFE9HELLO4,FFE9HELLO4
2026-04-27 18:19:15,recv: FFE9HELLO4,FFE9HELLO4
2026-04-27 18:19:20,recv: FFE9HELLO4,FFE9HELLO4
2026-04-27 18:19:25,recv: FFE9HELLO4,FFE9HELLO4
2026-04-27 18:19:30,recv: FFE9HELLO4,FFE9HELLO4
2026-04-27 18:19:35,recv: FFE9HELLO4,FFE9HELLO4
2026-04-27 18:19:40,recv: FFE9HELLO4,FFE9HELLO4
2026-04-27 18:19:45,recv: FFEAHELLO4,FFEAHELLO4
2026-04-27 18:19:50,recv: FFEAHELLO4,FFEAHELLO4
2026-04-27 18:19:55,recv: FFEAHELLO4,FFEAHELLO4
2026-04-27 18:20:00,recv: FFEAHELLO4,FFEAHELLO4
2026-04-27 18:20:05,recv: FFEAHELLO4,FFEAHELLO4
2026-04-27 18:20:10,recv: FFEAHELLO4,FFEAHELLO4
2026-04-27 18:20:15,recv: FFEAHELLO4,FFEAHELLO4
2026-04-27 18:20:20,recv: FFE9HELLO4,FFE9HELLO4
2026-04-27 18:20:25,recv: FFE9HELLO4,FFE9HELLO4
2026-04-27 18:20:30,recv: FFEAHELLO4,FFEAHELLO4
2026-04-27 18:20:35,recv: FFE9HELLO4,FFE9HELLO4
2026-04-27 18:20:40,recv: FFE9HELLO4,FFE9HELLO4
2026-04-27 18:20:45,recv: FFEAHELLO4,FFEAHELLO4
2026-04-27 18:20:50,recv: FFEAHELLO4,FFEAHELLO4
2026-04-27 18:20:55,recv: FFEAHELLO4,FFEAHELLO4
2026-04-27 18:21:00,recv: FFEAHELLO4,FFEAHELLO4
2026-04-27 18:21:05,recv: FFE9HELLO4,FFE9HELLO4
2026-04-27 18:21:10,recv: FFE9HELLO4,FFE9HELLO4
2026-04-27 18:21:15,recv: FFE8HELLO4,FFE8HELLO4
2026-04-27 18:21:20,recv: FFE8HELLO4,FFE8HELLO4
2026-04-27 18:21:25,recv: FFE8HELLO4,FFE8HELLO4
2026-04-27 18:21:30,recv: FFE8HELLO4,FFE8HELLO4
2026-04-27 18:21:35,recv: FFE8HELLO4,FFE8HELLO4
2026-04-27 18:21:40,recv: FFE8HELLO4,FFE8HELLO4
2026-04-27 18:21:45,recv: FFEAHELLO4,FFEAHELLO4
2026-04-27 18:21:50,recv: FFE9HELLO4,FFE9HELLO4
2026-04-27 18:21:55,recv: FFEAHELLO4,FFEAHELLO4
2026-04-27 18:22:00,recv: FFE9HELLO4,FFE9HELLO4
2026-04-27 18:22:05,recv: FFEAHELLO4,FFEAHELLO4
2026-04-27 18:22:10,recv: FFEAHELLO4,FFEAHELLO4
2026-04-27 18:22:15,recv: FFE9HELLO4,FFE9HELLO4
2026-04-27 18:22:20,recv: FFEAHELLO4,FFEAHELLO4
2026-04-27 18:22:25,recv: FFE8HELLO4,FFE8HELLO4
2026-04-27 18:22:30,recv: FFE9HELLO4,FFE9HELLO4
2026-04-27 18:22:35,recv: FFE9HELLO4,FFE9HELLO4
2026-04-27 18:22:40,recv: FFE9HELLO4,FFE9HELLO4
2026-04-27 18:22:45,recv: FFE9HELLO4,FFE9HELLO4
2026-04-27 18:22:50,recv: FFE9HELLO4,FFE9HELLO4
2026-04-27 18:22:55,recv: FFE9HELLO4,FFE9HELLO4
2026-04-27 18:23:00,recv: FFE9HELLO4,FFE9HELLO4
2026-04-27 18:23:05,recv: FFE9HELLO4,FFE9HELLO4
2026-04-27 18:23:10,recv: FFE9HELLO4,FFE9HELLO4
2026-04-27 18:23:15,recv: FFE9HELLO4,FFE9HELLO4
2026-04-27 18:23:20,recv: FFE9HELLO4,FFE9HELLO4
2026-04-27 18:23:25,recv: FFE9HELLO4,FFE9HELLO4
2026-04-27 18:23:30,recv: FFE9HELLO4,FFE9HELLO4
2026-04-27 18:23:35,recv: FFE9HELLO4,FFE9HELLO4
2026-04-27 18:23:40,recv: FFE9HELLO4,FFE9HELLO4
2026-04-27 18:23:45,recv: FFEAHELLO4,FFEAHELLO4
2026-04-27 18:23:50,recv: FFEAHELLO4,FFEAHELLO4
2026-04-27 18:23:55,recv: FFE9HELLO4,FFE9HELLO4
2026-04-27 18:24:00,recv: FFEAHELLO4,FFEAHELLO4
2026-04-27 18:24:05,recv: FFEAHELLO4,FFEAHELLO4
2026-04-27 18:24:10,recv: FFEAHELLO4,FFEAHELLO4
2026-04-27 18:24:15,recv: FFE9HELLO4,FFE9HELLO4
2026-04-27 18:24:20,recv: FFEAHELLO4,FFEAHELLO4
2026-04-27 18:24:25,recv: FFE9HELLO4,FFE9HELLO4
2026-04-27 18:24:30,recv: FFE9HELLO4,FFE9HELLO4
2026-04-27 18:24:35,recv: FFE9HELLO4,FFE9HELLO4
2026-04-27 18:24:40,recv: FFE9HELLO4,FFE9HELLO4
2026-04-27 18:24:45,recv: FFE8HELLO4,FFE8HELLO4
2026-04-27 18:24:50,recv: FFE8HELLO4,FFE8HELLO4
2026-04-27 18:24:55,recv: FFE8HELLO4,FFE8HELLO4
2026-04-27 18:25:00,recv: FFE8HELLO4,FFE8HELLO4
2026-04-27 18:25:05,recv: FFE9HELLO4,FFE9HELLO4
2026-04-27 18:25:10,recv: FFEAHELLO4,FFEAHELLO4
2026-04-27 18:25:15,recv: FFEAHELLO4,FFEAHELLO4
2026-04-27 18:25:20,recv: FFEAHELLO4,FFEAHELLO4
2026-04-27 18:25:25,recv: FFEAHELLO4,FFEAHELLO4
2026-04-27 18:25:30,recv: FFEAHELLO4,FFEAHELLO4
2026-04-27 18:25:35,recv: FFEAHELLO4,FFEAHELLO4
2026-04-27 18:25:40,recv: FFEAHELLO4,FFEAHELLO4
2026-04-27 18:25:45,recv: FFE9HELLO4,FFE9HELLO4
2026-04-27 18:25:50,recv: FFE9HELLO4,FFE9HELLO4
2026-04-27 18:25:55,recv: FFEAHELLO4,FFEAHELLO4
2026-04-27 18:26:00,recv: FFEAHELLO4,FFEAHELLO4
2026-04-27 18:26:05,recv: FFEAHELLO4,FFEAHELLO4
2026-04-27 18:26:10,recv: FFEAHELLO4,FFEAHELLO4
2026-04-27 18:26:15,recv: FFE9HELLO4,FFE9HELLO4
2026-04-27 18:26:20,recv: FFE9HELLO4,FFE9HELLO4
2026-04-27 18:26:25,recv: FFE9HELLO4,FFE9HELLO4
2026-04-27 18:26:30,recv: FFE9HELLO4,FFE9HELLO4
2026-04-27 18:26:35,recv: FFE9HELLO4,FFE9HELLO4
2026-04-27 18:26:40,recv: FFE9HELLO4,FFE9HELLO4
2026-04-27 18:26:45,recv: FFE9HELLO4,FFE9HELLO4
2026-04-27 18:26:50,recv: FFE9HELLO4,FFE9HELLO4
2026-04-27 18:26:55,recv: FFE9HELLO4,FFE9HELLO4
2026-04-27 18:27:00,recv: FFE9HELLO4,FFE9HELLO4
2026-04-27 18:27:05,recv: FFEAHELLO4,FFEAHELLO4
2026-04-27 18:27:10,recv: FFEAHELLO4,FFEAHELLO4
2026-04-27 18:27:15,recv: FFEAHELLO4,FFEAHELLO4
2026-04-27 18:27:20,recv: FFEAHELLO4,FFEAHELLO4
2026-04-27 18:27:25,recv: FFE9HELLO4,FFE9HELLO4
2026-04-27 18:27:30,recv: FFE9HELLO4,FFE9HELLO4
2026-04-27 18:27:35,recv: FFEAHELLO4,FFEAHELLO4
2026-04-27 18:27:40,recv: FFE9HELLO4,FFE9HELLO4
2026-04-27 18:27:45,recv: FFE8HELLO4,FFE8HELLO4
2026-04-27 18:27:50,recv: FFE8HELLO4,FFE8HELLO4
2026-04-27 18:27:55,recv: FFE8HELLO4,FFE8HELLO4
2026-04-27 18:28:00,recv: FFE8HELLO4,FFE8HELLO4
2026-04-27 18:28:05,recv: FFE8HELLO4,FFE8HELLO4
2026-04-27 18:28:10,recv: FFE8HELLO4,FFE8HELLO4
2026-04-27 18:28:15,recv: FFE8HELLO4,FFE8HELLO4
2026-04-27 18:28:20,recv: FFE8HELLO4,FFE8HELLO4
2026-04-27 18:28:25,recv: FFE8HELLO4,FFE8HELLO4
2026-04-27 18:28:30,recv: FFE8HELLO4,FFE8HELLO4
2026-04-27 18:28:35,recv: FFE8HELLO4,FFE8HELLO4
2026-04-27 18:28:40,recv: FFE8HELLO4,FFE8HELLO4
2026-04-27 18:28:45,recv: FFE8HELLO4,FFE8HELLO4
2026-04-27 18:28:50,recv: FFE8HELLO4,FFE8HELLO4
2026-04-27 18:28:55,recv: FFE8HELLO4,FFE8HELLO4
2026-04-27 18:29:00,recv: FFE8HELLO4,FFE8HELLO4
2026-04-27 18:29:05,recv: FFE9HELLO4,FFE9HELLO4
2026-04-27 18:29:10,recv: FFEAHELLO4,FFEAHELLO4
2026-04-27 18:29:15,recv: FFEAHELLO4,FFEAHELLO4
2026-04-27 18:29:20,recv: FFE9HELLO4,FFE9HELLO4
2026-04-27 18:29:25,recv: FFE9HELLO4,FFE9HELLO4
2026-04-27 18:29:30,recv: FFE9HELLO4,FFE9HELLO4
2026-04-27 18:29:35,recv: FFE9HELLO4,FFE9HELLO4
2026-04-27 18:29:40,recv: FFE9HELLO4,FFE9HELLO4
2026-04-27 18:29:45,recv: FFE8HELLO4,FFE8HELLO4
2026-04-27 18:29:50,recv: FFE8HELLO4,FFE8HELLO4
2026-04-27 18:29:55,recv: FFE9HELLO4,FFE9HELLO4
2026-04-27 18:30:00,recv: FFE9HELLO4,FFE9HELLO4
2026-04-27 18:30:05,recv: FFE8HELLO4,FFE8HELLO4
2026-04-27 18:30:10,recv: FFE8HELLO4,FFE8HELLO4
2026-04-27 18:30:15,recv: FFE8HELLO4,FFE8HELLO4
2026-04-27 18:30:20,recv: FFE8HELLO4,FFE8HELLO4
2026-04-27 18:30:25,recv: FFE9HELLO4,FFE9HELLO4
2026-04-27 18:30:30,recv: FFE9HELLO4,FFE9HELLO4
2026-04-27 18:30:35,recv: FFE9HELLO4,FFE9HELLO4
2026-04-27 18:30:40,recv: FFE9HELLO4,FFE9HELLO4
2026-04-27 18:30:45,recv: FFE9HELLO4,FFE9HELLO4
2026-04-27 18:30:50,recv: FFE9HELLO4,FFE9HELLO4
2026-04-27 18:30:55,recv: FFE9HELLO4,FFE9HELLO4
2026-04-27 18:31:00,recv: FFE9HELLO4,FFE9HELLO4
2026-04-27 18:31:05,recv: FFE9HELLO4,FFE9HELLO4
2026-04-27 18:31:10,recv: FFE9HELLO4,FFE9HELLO4
2026-04-27 18:31:15,recv: FFE9HELLO4,FFE9HELLO4
2026-04-27 18:31:20,recv: FFE9HELLO4,FFE9HELLO4
2026-04-27 18:31:25,recv: FFE9HELLO4,FFE9HELLO4
2026-04-27 18:31:30,recv: FFE9HELLO4,FFE9HELLO4
2026-04-27 18:31:35,recv: FFE9HELLO4,FFE9HELLO4
2026-04-27 18:31:40,recv: FFE9HELLO4,FFE9HELLO4
2026-04-27 18:31:45,recv: FFE8HELLO4,FFE8HELLO4
2026-04-27 18:31:50,recv: FFE8HELLO4,FFE8HELLO4
2026-04-27 18:31:55,recv: FFE8HELLO4,FFE8HELLO4
2026-04-27 18:32:00,recv: FFE8HELLO4,FFE8HELLO4
2026-04-27 18:32:05,recv: FFE8HELLO4,FFE8HELLO4
2026-04-27 18:32:10,recv: FFE7HELLO4,FFE7HELLO4
2026-04-27 18:32:15,recv: FFE8HELLO4,FFE8HELLO4
2026-04-27 18:32:20,recv: FFE8HELLO4,FFE8HELLO4
2026-04-27 18:32:25,recv: FFE9HELLO4,FFE9HELLO4
2026-04-27 18:32:30,recv: FFE9HELLO4,FFE9HELLO4
2026-04-27 18:32:35,recv: FFE9HELLO4,FFE9HELLO4
2026-04-27 18:32:40,recv: FFE9HELLO4,FFE9HELLO4
2026-04-27 18:32:45,recv: FFE9HELLO4,FFE9HELLO4
2026-04-27 18:32:50,recv: FFE9HELLO4,FFE9HELLO4
2026-04-27 18:32:55,recv: FFE9HELLO4,FFE9HELLO4
2026-04-27 18:33:00,recv: FFE9HELLO4,FFE9HELLO4
2026-04-27 18:33:05,recv: FFE8HELLO4,FFE8HELLO4
2026-04-27 18:33:10,recv: FFE8HELLO4,FFE8HELLO4
2026-04-27 18:33:15,recv: FFE8HELLO4,FFE8HELLO4
2026-04-27 18:33:20,recv: FFE8HELLO4,FFE8HELLO4
2026-04-27 18:33:25,recv: FFE8HELLO4,FFE8HELLO4
2026-04-27 18:33:30,recv: FFE8HELLO4,FFE8HELLO4
2026-04-27 18:33:35,recv: FFE8HELLO4,FFE8HELLO4
2026-04-27 18:33:40,recv: FFE8HELLO4,FFE8HELLO4
2026-04-27 18:33:45,recv: FFE8HELLO4,FFE8HELLO4
2026-04-27 18:33:50,recv: FFE8HELLO4,FFE8HELLO4
2026-04-27 18:33:55,recv: FFE8HELLO4,FFE8HELLO4
2026-04-27 18:34:00,recv: FFE8HELLO4,FFE8HELLO4
2026-04-27 18:34:05,recv: FFE8HELLO4,FFE8HELLO4
2026-04-27 18:34:10,recv: FFE8HELLO4,FFE8HELLO4
2026-04-27 18:34:15,recv: FFE8HELLO4,FFE8HELLO4
2026-04-27 18:34:20,recv: FFE8HELLO4,FFE8HELLO4
2026-04-27 18:34:25,recv: FFE9HELLO4,FFE9HELLO4
2026-04-27 18:34:30,recv: FFE9HELLO4,FFE9HELLO4
2026-04-27 18:34:35,recv: FFE9HELLO4,FFE9HELLO4
2026-04-27 18:34:40,recv: FFE9HELLO4,FFE9HELLO4
2026-04-27 18:34:45,recv: FFE9HELLO4,FFE9HELLO4
2026-04-27 18:34:50,recv: FFE9HELLO4,FFE9HELLO4
2026-04-27 18:34:55,recv: FFE9HELLO4,FFE9HELLO4
2026-04-27 18:35:00,recv: FFE9HELLO4,FFE9HELLO4
2026-04-27 18:35:05,recv: FFE8HELLO4,FFE8HELLO4
2026-04-27 18:35:10,recv: FFE8HELLO4,FFE8HELLO4
2026-04-27 18:35:15,recv: FFE8HELLO4,FFE8HELLO4
2026-04-27 18:35:20,recv: FFE7HELLO4,FFE7HELLO4
2026-04-27 18:35:25,recv: FFE7HELLO4,FFE7HELLO4
2026-04-27 18:35:30,recv: FFE7HELLO4,FFE7HELLO4
2026-04-27 18:35:35,recv: FFE7HELLO4,FFE7HELLO4
2026-04-27 18:35:40,recv: FFE7HELLO4,FFE7HELLO4
2026-04-27 18:35:45,recv: FFE9HELLO4,FFE9HELLO4
2026-04-27 18:35:50,recv: FFE9HELLO4,FFE9HELLO4
2026-04-27 18:35:55,recv: FFE9HELLO4,FFE9HELLO4
2026-04-27 18:36:00,recv: FFE9HELLO4,FFE9HELLO4
2026-04-27 18:36:05,recv: FFE9HELLO4,FFE9HELLO4
2026-04-27 18:36:10,recv: FFE9HELLO4,FFE9HELLO4
2026-04-27 18:36:15,recv: FFE9HELLO4,FFE9HELLO4
2026-04-27 18:36:20,recv: FFE9HELLO4,FFE9HELLO4
2026-04-27 18:36:25,recv: FFE9HELLO4,FFE9HELLO4
2026-04-27 18:36:30,recv: FFE9HELLO4,FFE9HELLO4
2026-04-27 18:36:35,recv: FFE9HELLO4,FFE9HELLO4
2026-04-27 18:36:40,recv: FFE9HELLO4,FFE9HELLO4
2026-04-27 18:36:45,recv: FFE9HELLO4,FFE9HELLO4
2026-04-27 18:36:50,recv: FFE9HELLO4,FFE9HELLO4
2026-04-27 18:36:55,recv: FFE9HELLO4,FFE9HELLO4
2026-04-27 18:37:00,recv: FFE8HELLO4,FFE8HELLO4
2026-04-27 18:37:05,recv: FFE8HELLO4,FFE8HELLO4
2026-04-27 18:37:10,recv: FFE8HELLO4,FFE8HELLO4
2026-04-27 18:37:15,recv: FFE9HELLO4,FFE9HELLO4
2026-04-27 18:37:20,recv: FFE8HELLO4,FFE8HELLO4
2026-04-27 18:37:25,recv: FFE7HELLO4,FFE7HELLO4
2026-04-27 18:37:30,recv: FFE8HELLO4,FFE8HELLO4
2026-04-27 18:37:35,recv: FFE7HELLO4,FFE7HELLO4
2026-04-27 18:37:40,recv: FFE7HELLO4,FFE7HELLO4
2026-04-27 18:37:45,recv: FFE8HELLO4,FFE8HELLO4
2026-04-27 18:37:50,recv: FFE8HELLO4,FFE8HELLO4
2026-04-27 18:37:55,recv: FFE8HELLO4,FFE8HELLO4
2026-04-27 18:38:00,recv: FFE8HELLO4,FFE8HELLO4
2026-04-27 18:38:05,recv: FFE8HELLO4,FFE8HELLO4
2026-04-27 18:38:10,recv: FFE8HELLO4,FFE8HELLO4
2026-04-27 18:38:15,recv: FFE8HELLO4,FFE8HELLO4
2026-04-27 18:38:20,recv: FFE7HELLO4,FFE7HELLO4
2026-04-27 18:38:25,recv: FFE6HELLO4,FFE6HELLO4
2026-04-27 18:38:30,recv: FFE6HELLO4,FFE6HELLO4
2026-04-27 18:38:35,recv: FFE6HELLO4,FFE6HELLO4
2026-04-27 18:38:40,recv: FFE6HELLO4,FFE6HELLO4
2026-04-27 18:38:45,recv: FFE7HELLO4,FFE7HELLO4
2026-04-27 18:38:50,recv: FFE7HELLO4,FFE7HELLO4
2026-04-27 18:38:55,recv: FFE6HELLO4,FFE6HELLO4
2026-04-27 18:39:00,recv: FFE7HELLO4,FFE7HELLO4
2026-04-27 18:39:05,recv: FFE6HELLO4,FFE6HELLO4
2026-04-27 18:39:10,recv: FFE6HELLO4,FFE6HELLO4
2026-04-27 18:39:15,recv: FFE6HELLO4,FFE6HELLO4
2026-04-27 18:39:20,recv: FFE6HELLO4,FFE6HELLO4
2026-04-27 18:39:25,recv: FFE6HELLO4,FFE6HELLO4
2026-04-27 18:39:30,recv: FFE7HELLO4,FFE7HELLO4
2026-04-27 18:39:35,recv: FFE7HELLO4,FFE7HELLO4
2026-04-27 18:39:40,recv: FFE7HELLO4,FFE7HELLO4
2026-04-27 18:39:45,recv: FFE9HELLO4,FFE9HELLO4
2026-04-27 18:39:50,recv: FFE9HELLO4,FFE9HELLO4
2026-04-27 18:39:55,recv: FFE8HELLO4,FFE8HELLO4
2026-04-27 18:40:00,recv: FFE8HELLO4,FFE8HELLO4
2026-04-27 18:40:05,recv: FFE8HELLO4,FFE8HELLO4
2026-04-27 18:40:10,recv: FFE8HELLO4,FFE8HELLO4
2026-04-27 18:40:15,recv: FFE8HELLO4,FFE8HELLO4
2026-04-27 18:40:20,recv: FFE7HELLO4,FFE7HELLO4
2026-04-27 18:40:25,recv: FFE7HELLO4,FFE7HELLO4
2026-04-27 18:40:30,recv: FFE7HELLO4,FFE7HELLO4
2026-04-27 18:40:35,recv: FFE7HELLO4,FFE7HELLO4
2026-04-27 18:40:40,recv: FFE7HELLO4,FFE7HELLO4
2026-04-27 18:40:45,recv: FFE7HELLO4,FFE7HELLO4
2026-04-27 18:40:50,recv: FFE7HELLO4,FFE7HELLO4
2026-04-27 18:40:55,recv: FFE7HELLO4,FFE7HELLO4
2026-04-27 18:41:00,recv: FFE6HELLO4,FFE6HELLO4
2026-04-27 18:41:05,recv: FFE8HELLO4,FFE8HELLO4
2026-04-27 18:41:10,recv: FFE7HELLO4,FFE7HELLO4
2026-04-27 18:41:15,recv: FFE7HELLO4,FFE7HELLO4
2026-04-27 18:41:20,recv: FFE9HELLO4,FFE9HELLO4
2026-04-27 18:41:25,recv: FFE8HELLO4,FFE8HELLO4
2026-04-27 18:41:30,recv: FFE8HELLO4,FFE8HELLO4
2026-04-27 18:41:35,recv: FFE8HELLO4,FFE8HELLO4
2026-04-27 18:41:40,recv: FFE8HELLO4,FFE8HELLO4
2026-04-27 18:41:45,recv: FFE8HELLO4,FFE8HELLO4
2026-04-27 18:41:50,recv: FFE9HELLO4,FFE9HELLO4
2026-04-27 18:41:55,recv: FFE8HELLO4,FFE8HELLO4
2026-04-27 18:42:00,recv: FFE9HELLO4,FFE9HELLO4
2026-04-27 18:42:05,recv: FFE9HELLO4,FFE9HELLO4
2026-04-27 18:42:10,recv: FFE9HELLO4,FFE9HELLO4
2026-04-27 18:42:15,recv: FFE7HELLO4,FFE7HELLO4
2026-04-27 18:42:20,recv: FFE5HELLO4,FFE5HELLO4
2026-04-27 18:42:25,recv: FFE5HELLO4,FFE5HELLO4
2026-04-27 18:42:30,recv: FFE5HELLO4,FFE5HELLO4
2026-04-27 18:42:35,recv: FFE5HELLO4,FFE5HELLO4
2026-04-27 18:42:40,recv: FFE4HELLO4,FFE4HELLO4
2026-04-27 18:42:45,recv: FFE5HELLO4,FFE5HELLO4
2026-04-27 18:42:50,recv: FFE5HELLO4,FFE5HELLO4
2026-04-27 18:42:55,recv: FFE5HELLO4,FFE5HELLO4
2026-04-27 18:43:00,recv: FFE5HELLO4,FFE5HELLO4
2026-04-27 18:43:05,recv: FFE7HELLO4,FFE7HELLO4
2026-04-27 18:43:10,recv: FFE7HELLO4,FFE7HELLO4
2026-04-27 18:43:15,recv: FFE6HELLO4,FFE6HELLO4
2026-04-27 18:43:20,recv: FFE7HELLO4,FFE7HELLO4
2026-04-27 18:43:25,recv: FFE4HELLO4,FFE4HELLO4
2026-04-27 18:43:30,recv: FFE4HELLO4,FFE4HELLO4
2026-04-27 18:43:35,recv: FFE4HELLO4,FFE4HELLO4
2026-04-27 18:43:40,recv: FFE6HELLO4,FFE6HELLO4
2026-04-27 18:43:45,recv: FFE6HELLO4,FFE6HELLO4
2026-04-27 18:43:50,recv: FFE6HELLO4,FFE6HELLO4
2026-04-27 18:43:55,recv: FFE4HELLO4,FFE4HELLO4
2026-04-27 18:44:00,recv: FFE3HELLO4,FFE3HELLO4
2026-04-27 18:44:05,recv: FFE6HELLO4,FFE6HELLO4
2026-04-27 18:44:10,recv: FFE6HELLO4,FFE6HELLO4
2026-04-27 18:44:15,recv: FFE6HELLO4,FFE6HELLO4
2026-04-27 18:44:20,recv: FFE6HELLO4,FFE6HELLO4
2026-04-27 18:44:25,recv: FFE6HELLO4,FFE6HELLO4
2026-04-27 18:44:30,recv: FFE6HELLO4,FFE6HELLO4
2026-04-27 18:44:35,recv: FFE4HELLO4,FFE4HELLO4
2026-04-27 18:44:40,recv: FFE4HELLO4,FFE4HELLO4
2026-04-27 18:44:45,recv: FFE4HELLO4,FFE4HELLO4
2026-04-27 18:44:50,recv: FFE4HELLO4,FFE4HELLO4
2026-04-27 18:44:55,recv: FFE4HELLO4,FFE4HELLO4
2026-04-27 18:45:00,recv: FFE4HELLO4,FFE4HELLO4
2026-04-27 18:45:05,recv: FFE5HELLO4,FFE5HELLO4
2026-04-27 18:45:10,recv: FFE4HELLO4,FFE4HELLO4
2026-04-27 18:45:15,recv: FFE5HELLO4,FFE5HELLO4
2026-04-27 18:45:20,recv: FFE7HELLO4,FFE7HELLO4
2026-04-27 18:45:25,recv: FFE5HELLO4,FFE5HELLO4
2026-04-27 18:45:30,recv: FFE6HELLO4,FFE6HELLO4
2026-04-27 18:45:35,recv: FFE5HELLO4,FFE5HELLO4
2026-04-27 18:45:40,recv: FFE4HELLO4,FFE4HELLO4
2026-04-27 18:45:45,recv: FFE4HELLO4,FFE4HELLO4
2026-04-27 18:45:50,recv: FFE4HELLO4,FFE4HELLO4
2026-04-27 18:45:55,recv: FFE4HELLO4,FFE4HELLO4
2026-04-27 18:46:00,recv: FFE5HELLO4,FFE5HELLO4
2026-04-27 18:46:05,recv: FFE4HELLO4,FFE4HELLO4
2026-04-27 18:46:10,recv: FFE4HELLO4,FFE4HELLO4
2026-04-27 18:46:15,recv: FFE4HELLO4,FFE4HELLO4
2026-04-27 18:46:20,recv: FFE4HELLO4,FFE4HELLO4
2026-04-27 18:46:25,recv: FFE5HELLO4,FFE5HELLO4
2026-04-27 18:46:30,recv: FFE6HELLO4,FFE6HELLO4
2026-04-27 18:46:35,recv: FFE6HELLO4,FFE6HELLO4
2026-04-27 18:46:40,recv: FFE6HELLO4,FFE6HELLO4
2026-04-27 18:46:45,recv: FFE6HELLO4,FFE6HELLO4
2026-04-27 18:46:50,recv: FFE6HELLO4,FFE6HELLO4
2026-04-27 18:46:55,recv: FFE6HELLO4,FFE6HELLO4
2026-04-27 18:47:00,recv: FFE5HELLO4,FFE5HELLO4
2026-04-27 18:47:05,recv: FFE5HELLO4,FFE5HELLO4
2026-04-27 18:47:10,recv: FFE6HELLO4,FFE6HELLO4
2026-04-27 18:47:15,recv: FFE6HELLO4,FFE6HELLO4
2026-04-27 18:47:20,recv: FFE5HELLO4,FFE5HELLO4
2026-04-27 18:47:25,recv: FFE6HELLO4,FFE6HELLO4
2026-04-27 18:47:30,recv: FFE5HELLO4,FFE5HELLO4
2026-04-27 18:47:35,recv: FFE5HELLO4,FFE5HELLO4
2026-04-27 18:47:40,recv: FFE5HELLO4,FFE5HELLO4
2026-04-27 18:47:45,recv: FFE5HELLO4,FFE5HELLO4
2026-04-27 18:47:50,recv: FFE5HELLO4,FFE5HELLO4
2026-04-27 18:47:55,recv: FFE4HELLO4,FFE4HELLO4
2026-04-27 18:48:00,recv: FFE4HELLO4,FFE4HELLO4
2026-04-27 18:48:05,recv: FFE4HELLO4,FFE4HELLO4
2026-04-27 18:48:10,recv: FFE4HELLO4,FFE4HELLO4
2026-04-27 18:48:15,recv: FFE5HELLO4,FFE5HELLO4
2026-04-27 18:48:20,recv: FFE5HELLO4,FFE5HELLO4
2026-04-27 18:48:25,recv: FFE6HELLO4,FFE6HELLO4
2026-04-27 18:48:30,recv: FFE6HELLO4,FFE6HELLO4
2026-04-27 18:48:35,recv: FFE6HELLO4,FFE6HELLO4
2026-04-27 18:48:40,recv: FFE6HELLO4,FFE6HELLO4
2026-04-27 18:48:45,recv: FFE6HELLO4,FFE6HELLO4
2026-04-27 18:48:50,recv: FFE6HELLO4,FFE6HELLO4
2026-04-27 18:48:55,recv: FFE6HELLO4,FFE6HELLO4
2026-04-27 18:49:00,recv: FFE6HELLO4,FFE6HELLO4
2026-04-27 18:49:05,recv: FFE5HELLO4,FFE5HELLO4
2026-04-27 18:49:10,recv: FFE4HELLO4,FFE4HELLO4
2026-04-27 18:49:15,recv: FFE4HELLO4,FFE4HELLO4
2026-04-27 18:49:20,recv: FFE4HELLO4,FFE4HELLO4
2026-04-27 18:49:25,recv: FFE5HELLO4,FFE5HELLO4
2026-04-27 18:49:30,recv: FFE5HELLO4,FFE5HELLO4
2026-04-27 18:49:35,recv: FFE5HELLO4,FFE5HELLO4
2026-04-27 18:49:40,recv: FFE5HELLO4,FFE5HELLO4
2026-04-27 18:49:45,recv: FFE4HELLO4,FFE4HELLO4
2026-04-27 18:49:50,recv: FFE5HELLO4,FFE5HELLO4
2026-04-27 18:49:55,recv: FFE5HELLO4,FFE5HELLO4
2026-04-27 18:50:00,recv: FFE4HELLO4,FFE4HELLO4
2026-04-27 18:50:05,recv: FFE5HELLO4,FFE5HELLO4
2026-04-27 18:50:10,recv: FFE5HELLO4,FFE5HELLO4
2026-04-27 18:50:15,recv: FFE5HELLO4,FFE5HELLO4
2026-04-27 18:50:20,recv: FFE6HELLO4,FFE6HELLO4
2026-04-27 18:50:25,recv: FFE7HELLO4,FFE7HELLO4
2026-04-27 18:50:30,recv: FFE7HELLO4,FFE7HELLO4
2026-04-27 18:50:35,recv: FFE7HELLO4,FFE7HELLO4
2026-04-27 18:50:40,recv: FFE7HELLO4,FFE7HELLO4
2026-04-27 18:50:45,recv: FFE6HELLO4,FFE6HELLO4
2026-04-27 18:50:50,recv: FFE6HELLO4,FFE6HELLO4
2026-04-27 18:50:55,recv: FFE6HELLO4,FFE6HELLO4
2026-04-27 18:51:00,recv: FFE6HELLO4,FFE6HELLO4
2026-04-27 18:51:05,recv: FFE6HELLO4,FFE6HELLO4
2026-04-27 18:51:10,recv: FFE6HELLO4,FFE6HELLO4
2026-04-27 18:51:15,recv: FFE6HELLO4,FFE6HELLO4
2026-04-27 18:51:20,recv: FFE6HELLO4,FFE6HELLO4
2026-04-27 18:51:25,recv: FFE5HELLO4,FFE5HELLO4
2026-04-27 18:51:30,recv: FFE6HELLO4,FFE6HELLO4
2026-04-27 18:51:35,recv: FFE6HELLO4,FFE6HELLO4
2026-04-27 18:51:40,recv: FFE5HELLO4,FFE5HELLO4
2026-04-27 18:51:45,recv: FFE7HELLO4,FFE7HELLO4
2026-04-27 18:51:50,recv: FFE7HELLO4,FFE7HELLO4
2026-04-27 18:51:55,recv: FFE6HELLO4,FFE6HELLO4
2026-04-27 18:52:00,recv: FFE7HELLO4,FFE7HELLO4
2026-04-27 18:52:05,recv: FFE6HELLO4,FFE6HELLO4
2026-04-27 18:52:10,recv: FFE6HELLO4,FFE6HELLO4
2026-04-27 18:52:15,recv: FFE6HELLO4,FFE6HELLO4
2026-04-27 18:52:20,recv: FFE6HELLO4,FFE6HELLO4
2026-04-27 18:52:25,recv: FFE7HELLO4,FFE7HELLO4
2026-04-27 18:52:30,recv: FFE6HELLO4,FFE6HELLO4
2026-04-27 18:52:35,recv: FFE6HELLO4,FFE6HELLO4
2026-04-27 18:52:40,recv: FFE7HELLO4,FFE7HELLO4
2026-04-27 18:52:45,recv: FFE7HELLO4,FFE7HELLO4
2026-04-27 18:52:57,recv: FFE5HELLO4,FFE5HELLO4
2026-04-27 18:53:02,recv: FFE5HELLO4,FFE5HELLO4
2026-04-27 18:53:07,recv: FFE5HELLO4,FFE5HELLO4
2026-04-27 18:53:12,recv: FFE7HELLO4,FFE7HELLO4
2026-04-27 18:53:17,recv: FFE7HELLO4,FFE7HELLO4
2026-04-27 18:53:22,recv: FFE7HELLO4,FFE7HELLO4
2026-04-27 18:53:27,recv: FFE6HELLO4,FFE6HELLO4
2026-04-27 18:53:32,recv: FFE0HELLO4,FFE0HELLO4
2026-04-27 18:53:37,recv: FFE7HELLO4,FFE7HELLO4
2026-04-27 18:53:42,recv: FFE6HELLO4,FFE6HELLO4
2026-04-27 18:53:47,recv: FFE6HELLO4,FFE6HELLO4
2026-04-27 18:53:52,recv: FFE6HELLO4,FFE6HELLO4
2026-04-27 18:53:57,recv: FFE6HELLO4,FFE6HELLO4
2026-04-27 18:54:02,recv: FFE6HELLO4,FFE6HELLO4
2026-04-27 18:54:07,recv: FFE5HELLO4,FFE5HELLO4
2026-04-27 18:54:12,recv: FFE6HELLO4,FFE6HELLO4
2026-04-27 18:54:17,recv: FFE6HELLO4,FFE6HELLO4
2026-04-27 18:54:22,recv: FFE6HELLO4,FFE6HELLO4
2026-04-27 18:54:27,recv: FFE5HELLO4,FFE5HELLO4
2026-04-27 18:54:32,recv: FFE5HELLO4,FFE5HELLO4
2026-04-27 18:54:37,recv: FFE6HELLO4,FFE6HELLO4
2026-04-27 18:54:42,recv: FFE6HELLO4,FFE6HELLO4
2026-04-27 18:54:47,recv: FFE6HELLO4,FFE6HELLO4
2026-04-27 18:54:52,recv: FFE5HELLO4,FFE5HELLO4
2026-04-27 18:54:57,recv: FFE4HELLO4,FFE4HELLO4
2026-04-27 18:55:02,recv: FFE7HELLO4,FFE7HELLO4
2026-04-27 18:55:07,recv: FFDCHELLO4,FFDCHELLO4
2026-04-27 18:55:12,recv: FFE7HELLO4,FFE7HELLO4
2026-04-27 18:55:17,recv: FFE8HELLO4,FFE8HELLO4
2026-04-27 18:55:22,recv: FFE8HELLO4,FFE8HELLO4
2026-04-27 18:55:27,recv: FFE8HELLO4,FFE8HELLO4
2026-04-27 18:55:32,recv: FFE9HELLO4,FFE9HELLO4
2026-04-27 18:55:37,recv: FFE7HELLO4,FFE7HELLO4
2026-04-27 18:55:42,recv: FFE6HELLO4,FFE6HELLO4
2026-04-27 18:55:47,recv: FFE6HELLO4,FFE6HELLO4
2026-04-27 18:55:52,recv: FFE5HELLO4,FFE5HELLO4
2026-04-27 18:55:57,recv: FFE5HELLO4,FFE5HELLO4
2026-04-27 18:56:02,recv: FFE5HELLO4,FFE5HELLO4
2026-04-27 18:56:07,recv: FFE5HELLO4,FFE5HELLO4
2026-04-27 18:56:12,recv: FFE5HELLO4,FFE5HELLO4
2026-04-27 18:56:17,recv: FFE4HELLO4,FFE4HELLO4
2026-04-27 18:56:22,recv: FFE5HELLO4,FFE5HELLO4
2026-04-27 18:56:27,recv: FFE6HELLO4,FFE6HELLO4
2026-04-27 18:56:32,recv: FFE6HELLO4,FFE6HELLO4
2026-04-27 18:56:37,recv: FFE8HELLO4,FFE8HELLO4
2026-04-27 18:56:42,recv: FFE8HELLO4,FFE8HELLO4
2026-04-27 18:56:47,recv: FFE6HELLO4,FFE6HELLO4
2026-04-27 18:56:52,recv: FFE7HELLO4,FFE7HELLO4
2026-04-27 18:56:57,recv: FFE7HELLO4,FFE7HELLO4
2026-04-27 18:57:02,recv: FFE7HELLO4,FFE7HELLO4
2026-04-27 18:57:07,recv: FFE7HELLO4,FFE7HELLO4
2026-04-27 18:57:12,recv: FFE6HELLO4,FFE6HELLO4
2026-04-27 18:57:17,recv: FFE6HELLO4,FFE6HELLO4
2026-04-27 18:57:22,recv: FFE6HELLO4,FFE6HELLO4
2026-04-27 18:57:27,recv: FFE6HELLO4,FFE6HELLO4
2026-04-27 18:57:32,recv: FFE7HELLO4,FFE7HELLO4
2026-04-27 18:57:37,recv: FFE7HELLO4,FFE7HELLO4
2026-04-27 18:57:42,recv: FFE7HELLO4,FFE7HELLO4
2026-04-27 18:57:47,recv: FFE5HELLO4,FFE5HELLO4
2026-04-27 18:57:52,recv: FFE5HELLO4,FFE5HELLO4
2026-04-27 18:57:57,recv: FFE6HELLO4,FFE6HELLO4
2026-04-27 18:58:02,recv: FFE6HELLO4,FFE6HELLO4
2026-04-27 18:58:07,recv: FFE6HELLO4,FFE6HELLO4
2026-04-27 18:58:12,recv: FFE5HELLO4,FFE5HELLO4
2026-04-27 18:58:17,recv: FFE6HELLO4,FFE6HELLO4
2026-04-27 18:58:22,recv: FFE5HELLO4,FFE5HELLO4
2026-04-27 18:58:27,recv: FFE6HELLO4,FFE6HELLO4
2026-04-27 18:58:32,recv: FFE6HELLO4,FFE6HELLO4
2026-04-27 18:58:37,recv: FFE6HELLO4,FFE6HELLO4
2026-04-27 18:58:42,recv: FFE6HELLO4,FFE6HELLO4
2026-04-27 18:58:47,recv: FFE6HELLO4,FFE6HELLO4
2026-04-27 18:58:52,recv: FFE6HELLO4,FFE6HELLO4
2026-04-27 18:58:57,recv: FFE6HELLO4,FFE6HELLO4
2026-04-27 18:59:02,recv: FFE6HELLO4,FFE6HELLO4
2026-04-27 18:59:07,recv: FFE5HELLO4,FFE5HELLO4
2026-04-27 18:59:12,recv: FFE3HELLO4,FFE3HELLO4
2026-04-27 18:59:17,recv: FFE3HELLO4,FFE3HELLO4
2026-04-27 18:59:22,recv: FFE3HELLO4,FFE3HELLO4
2026-04-27 18:59:27,recv: FFE3HELLO4,FFE3HELLO4
2026-04-27 18:59:32,recv: FFE3HELLO4,FFE3HELLO4
2026-04-27 18:59:37,recv: FFE3HELLO4,FFE3HELLO4
2026-04-27 18:59:42,recv: FFE3HELLO4,FFE3HELLO4
2026-04-27 18:59:47,recv: FFE4HELLO4,FFE4HELLO4
2026-04-27 18:59:52,recv: FFE5HELLO4,FFE5HELLO4
2026-04-27 18:59:57,recv: FFE5HELLO4,FFE5HELLO4
2026-04-27 19:00:02,recv: FFE5HELLO4,FFE5HELLO4
2026-04-27 19:00:07,recv: FFE3HELLO4,FFE3HELLO4
2026-04-27 19:00:12,recv: FFE5HELLO4,FFE5HELLO4
2026-04-27 19:00:17,recv: FFE4HELLO4,FFE4HELLO4
2026-04-27 19:00:22,recv: FFE4HELLO4,FFE4HELLO4
2026-04-27 19:00:27,recv: FFE4HELLO4,FFE4HELLO4
2026-04-27 19:00:32,recv: FFE6HELLO4,FFE6HELLO4
2026-04-27 19:00:37,recv: FFE6HELLO4,FFE6HELLO4
2026-04-27 19:00:42,recv: FFE6HELLO4,FFE6HELLO4
2026-04-27 19:00:47,recv: FFE6HELLO4,FFE6HELLO4
2026-04-27 19:00:52,recv: FFE7HELLO4,FFE7HELLO4
2026-04-27 19:00:57,recv: FFE7HELLO4,FFE7HELLO4
2026-04-27 19:01:02,recv: FFE7HELLO4,FFE7HELLO4
2026-04-27 19:01:07,recv: FFE7HELLO4,FFE7HELLO4
2026-04-27 19:01:12,recv: FFE6HELLO4,FFE6HELLO4
2026-04-27 19:01:17,recv: FFE9HELLO4,FFE9HELLO4
2026-04-27 19:01:22,recv: FFE8HELLO4,FFE8HELLO4
2026-04-27 19:01:27,recv: FFE7HELLO4,FFE7HELLO4
2026-04-27 19:01:32,recv: FFE7HELLO4,FFE7HELLO4
2026-04-27 19:01:37,recv: FFE7HELLO4,FFE7HELLO4
2026-04-27 19:01:42,recv: FFE7HELLO4,FFE7HELLO4
2026-04-27 19:01:47,recv: FFE7HELLO4,FFE7HELLO4
2026-04-27 19:01:52,recv: FFE8HELLO4,FFE8HELLO4
2026-04-27 19:01:57,recv: FFE8HELLO4,FFE8HELLO4
2026-04-27 19:02:02,recv: FFE8HELLO4,FFE8HELLO4
2026-04-27 19:02:07,recv: FFE8HELLO4,FFE8HELLO4
2026-04-27 19:02:12,recv: FFE8HELLO4,FFE8HELLO4
2026-04-27 19:02:17,recv: FFE8HELLO4,FFE8HELLO4
2026-04-27 19:02:22,recv: FFE8HELLO4,FFE8HELLO4
2026-04-27 19:02:27,recv: FFE8HELLO4,FFE8HELLO4
2026-04-27 19:02:32,recv: FFE8HELLO4,FFE8HELLO4
2026-04-27 19:02:37,recv: FFE8HELLO4,FFE8HELLO4
2026-04-27 19:02:42,recv: FFE8HELLO4,FFE8HELLO4
2026-04-27 19:02:47,recv: FFE8HELLO4,FFE8HELLO4
2026-04-27 19:02:52,recv: FFE8HELLO4,FFE8HELLO4
2026-04-27 19:02:57,recv: FFE8HELLO4,FFE8HELLO4
2026-04-27 19:03:02,recv: FFE9HELLO4,FFE9HELLO4
2026-04-27 19:03:07,recv: FFE8HELLO4,FFE8HELLO4
2026-04-27 19:03:12,recv: FFE7HELLO4,FFE7HELLO4
2026-04-27 19:03:17,recv: FFE7HELLO4,FFE7HELLO4
2026-04-27 19:03:22,recv: FFE7HELLO4,FFE7HELLO4
2026-04-27 19:03:27,recv: FFE7HELLO4,FFE7HELLO4
2026-04-27 19:03:32,recv: FFE7HELLO4,FFE7HELLO4
2026-04-27 19:03:37,recv: FFE6HELLO4,FFE6HELLO4
2026-04-27 19:03:42,recv: FFE6HELLO4,FFE6HELLO4
2026-04-27 19:03:47,recv: FFE6HELLO4,FFE6HELLO4
2026-04-27 19:03:52,recv: FFE8HELLO4,FFE8HELLO4
2026-04-27 19:03:57,recv: FFE9HELLO4,FFE9HELLO4
2026-04-27 19:04:02,recv: FFE7HELLO4,FFE7HELLO4
2026-04-27 19:04:07,recv: FFE7HELLO4,FFE7HELLO4
2026-04-27 19:04:12,recv: FFEAHELLO4,FFEAHELLO4
2026-04-27 19:04:17,recv: FFE9HELLO4,FFE9HELLO4
2026-04-27 19:04:22,recv: FFE9HELLO4,FFE9HELLO4
2026-04-27 19:04:27,recv: FFE9HELLO4,FFE9HELLO4
2026-04-27 19:04:32,recv: FFE8HELLO4,FFE8HELLO4
2026-04-27 19:04:37,recv: FFE8HELLO4,FFE8HELLO4
2026-04-27 19:04:42,recv: FFE9HELLO4,FFE9HELLO4
2026-04-27 19:04:47,recv: FFE8HELLO4,FFE8HELLO4
2026-04-27 19:04:52,recv: FFE9HELLO4,FFE9HELLO4
2026-04-27 19:04:57,recv: FFE8HELLO4,FFE8HELLO4
2026-04-27 19:05:02,recv: FFE8HELLO4,FFE8HELLO4
2026-04-27 19:05:07,recv: FFE9HELLO4,FFE9HELLO4
2026-04-27 19:05:12,recv: FFD1HELLO4,FFD1HELLO4
2026-04-27 19:05:17,recv: FFC9HELLO4,FFC9HELLO4
2026-04-27 19:05:22,recv: FFCAHELLO4,FFCAHELLO4
2026-04-27 19:05:27,recv: FFC0HELLO4,FFC0HELLO4
2026-04-27 19:05:32,recv: FFC0HELLO4,FFC0HELLO4
2026-04-27 19:05:37,recv: FFB9HELLO4,FFB9HELLO4
2026-04-27 19:05:42,recv: FFB7HELLO4,FFB7HELLO4
2026-04-27 19:05:47,recv: FFA3HELLO4,FFA3HELLO4
2026-04-27 19:05:52,recv: FFAAHELLO4,FFAAHELLO4
2026-04-27 19:05:57,recv: FFACHELLO4,FFACHELLO4
2026-04-27 19:06:02,recv: FFA2HELLO4,FFA2HELLO4
2026-04-27 19:06:07,recv: FFA5HELLO4,FFA5HELLO4
2026-04-27 19:06:12,recv: FF9CHELLO4,FF9CHELLO4
2026-04-27 19:06:17,recv: FF9AHELLO4,FF9AHELLO4
2026-04-27 19:06:22,recv: FF9BHELLO4,FF9BHELLO4
2026-04-27 19:06:27,recv: FF95HELLO4,FF95HELLO4
2026-04-27 19:06:32,recv: FF96HELLO4,FF96HELLO4
2026-04-27 19:06:37,recv: FF8EHELLO4,FF8EHELLO4
2026-04-27 19:06:42,recv: FF96HELLO4,FF96HELLO4
2026-04-27 19:06:47,recv: FF88HELLO4,FF88HELLO4
2026-04-27 19:06:52,recv: FF95HELLO4,FF95HELLO4
2026-04-27 19:06:57,recv: FF96HELLO4,FF96HELLO4
2026-04-27 19:07:02,recv: FF96HELLO4,FF96HELLO4
2026-04-27 19:07:07,recv: FF96HELLO4,FF96HELLO4
2026-04-27 19:07:12,recv: FF95HELLO4,FF95HELLO4
2026-04-27 19:07:17,recv: FF96HELLO4,FF96HELLO4
2026-04-27 19:07:22,recv: FF96HELLO4,FF96HELLO4
2026-04-27 19:07:27,recv: FF96HELLO4,FF96HELLO4
2026-04-27 19:07:32,recv: FF97HELLO4,FF97HELLO4
2026-04-27 19:07:37,recv: FF97HELLO4,FF97HELLO4
2026-04-27 19:07:42,recv: FF96HELLO4,FF96HELLO4
2026-04-27 19:07:47,recv: FF96HELLO4,FF96HELLO4
2026-04-27 19:07:52,recv: FF98HELLO4,FF98HELLO4
2026-04-27 19:07:57,recv: FF96HELLO4,FF96HELLO4
2026-04-27 19:08:02,recv: FF96HELLO4,FF96HELLO4
2026-04-27 19:08:07,recv: FF96HELLO4,FF96HELLO4
2026-04-27 19:08:12,recv: FF96HELLO4,FF96HELLO4
2026-04-27 19:08:17,recv: FF95HELLO4,FF95HELLO4
2026-04-27 19:08:22,recv: FF98HELLO4,FF98HELLO4
2026-04-27 19:08:27,recv: FF93HELLO4,FF93HELLO4
2026-04-27 19:08:32,recv: FF94HELLO4,FF94HELLO4
2026-04-27 19:08:37,recv: FF95HELLO4,FF95HELLO4
2026-04-27 19:08:42,recv: FF95HELLO4,FF95HELLO4
2026-04-27 19:08:47,recv: FF8FHELLO4,FF8FHELLO4
2026-04-27 19:08:52,recv: FF93HELLO4,FF93HELLO4
2026-04-27 19:08:57,recv: FF94HELLO4,FF94HELLO4
2026-04-27 19:09:02,recv: FF95HELLO4,FF95HELLO4
2026-04-27 19:09:07,recv: FF96HELLO4,FF96HELLO4
2026-04-27 19:09:12,recv: FF95HELLO4,FF95HELLO4
2026-04-27 19:09:17,recv: FF96HELLO4,FF96HELLO4
2026-04-27 19:09:22,recv: FF90HELLO4,FF90HELLO4
2026-04-27 19:09:27,recv: FF9BHELLO4,FF9BHELLO4
2026-04-27 19:09:32,recv: FF9EHELLO4,FF9EHELLO4
2026-04-27 19:09:37,recv: FF96HELLO4,FF96HELLO4
2026-04-27 19:09:42,recv: FFA1HELLO4,FFA1HELLO4
2026-04-27 19:09:47,recv: FFA4HELLO4,FFA4HELLO4
2026-04-27 19:09:52,recv: FFA2HELLO4,FFA2HELLO4
2026-04-27 19:09:57,recv: FFACHELLO4,FFACHELLO4
2026-04-27 19:10:02,recv: FFAAHELLO4,FFAAHELLO4
2026-04-27 19:10:07,recv: FFBAHELLO4,FFBAHELLO4
2026-04-27 19:10:12,recv: FFC8HELLO4,FFC8HELLO4
2026-04-27 19:10:17,recv: FFD0HELLO4,FFD0HELLO4
2026-04-27 19:10:22,recv: FFD0HELLO4,FFD0HELLO4
2026-04-27 19:10:27,recv: FFD2HELLO4,FFD2HELLO4
2026-04-27 19:10:32,recv: FFD6HELLO4,FFD6HELLO4
2026-04-27 19:10:37,recv: FFD1HELLO4,FFD1HELLO4
2026-04-27 19:10:42,recv: FFD6HELLO4,FFD6HELLO4
2026-04-27 19:10:47,recv: FFEAHELLO4,FFEAHELLO4
2026-04-27 19:10:52,recv: FFE9HELLO4,FFE9HELLO4
2026-04-27 19:10:57,recv: FFEAHELLO4,FFEAHELLO4
2026-04-27 19:11:02,recv: FFEAHELLO4,FFEAHELLO4
2026-04-27 19:11:07,recv: FFE8HELLO4,FFE8HELLO4
2026-04-27 19:11:12,recv: FFEAHELLO4,FFEAHELLO4
2026-04-27 19:11:17,recv: FFEAHELLO4,FFEAHELLO4
2026-04-27 19:11:22,recv: FFE9HELLO4,FFE9HELLO4
2026-04-27 19:11:27,recv: FFEAHELLO4,FFEAHELLO4
2026-04-27 19:11:32,recv: FFEAHELLO4,FFEAHELLO4
2026-04-27 19:11:37,recv: FFE9HELLO4,FFE9HELLO4
2026-04-27 19:11:42,recv: FFE9HELLO4,FFE9HELLO4
2026-04-27 19:11:47,recv: FFE9HELLO4,FFE9HELLO4
2026-04-27 19:11:52,recv: FFE9HELLO4,FFE9HELLO4
2026-04-27 19:11:57,recv: FFE9HELLO4,FFE9HELLO4
2026-04-27 19:12:02,recv: FFEBHELLO4,FFEBHELLO4
2026-04-27 19:12:07,recv: FFEBHELLO4,FFEBHELLO4
2026-04-27 19:12:12,recv: FFEAHELLO4,FFEAHELLO4
2026-04-27 19:12:17,recv: FFEAHELLO4,FFEAHELLO4
2026-04-27 19:12:22,recv: FFEAHELLO4,FFEAHELLO4
2026-04-27 19:12:27,recv: FFEBHELLO4,FFEBHELLO4
2026-04-27 19:12:32,recv: FFECHELLO4,FFECHELLO4
2026-04-27 19:12:37,recv: FFECHELLO4,FFECHELLO4
2026-04-27 19:12:42,recv: FFEBHELLO4,FFEBHELLO4
2026-04-27 19:12:47,recv: FFEBHELLO4,FFEBHELLO4
2026-04-27 19:12:52,recv: FFEBHELLO4,FFEBHELLO4
2026-04-27 19:12:57,recv: FFECHELLO4,FFECHELLO4
2026-04-27 19:13:02,recv: FFECHELLO4,FFECHELLO4
2026-04-27 19:13:07,recv: FFECHELLO4,FFECHELLO4
2026-04-27 19:13:12,recv: FFECHELLO4,FFECHELLO4
2026-04-27 19:13:17,recv: FFECHELLO4,FFECHELLO4
2026-04-27 19:13:22,recv: FFECHELLO4,FFECHELLO4
2026-04-27 19:13:27,recv: FFECHELLO4,FFECHELLO4
2026-04-27 19:13:32,recv: FFEDHELLO4,FFEDHELLO4
2026-04-27 19:13:37,recv: FFEDHELLO4,FFEDHELLO4
2026-04-27 19:13:42,recv: FFECHELLO4,FFECHELLO4
2026-04-27 19:13:47,recv: FFEDHELLO4,FFEDHELLO4
2026-04-27 19:13:52,recv: FFEBHELLO4,FFEBHELLO4
2026-04-27 19:13:57,recv: FFEBHELLO4,FFEBHELLO4
2026-04-27 19:14:02,recv: FFEBHELLO4,FFEBHELLO4
2026-04-27 19:14:07,recv: FFEBHELLO4,FFEBHELLO4
2026-04-27 19:14:12,recv: FFEAHELLO4,FFEAHELLO4
2026-04-27 19:14:17,recv: FFEBHELLO4,FFEBHELLO4
2026-04-27 19:14:22,recv: FFEAHELLO4,FFEAHELLO4
2026-04-27 19:14:27,recv: FFEAHELLO4,FFEAHELLO4
2026-04-27 19:14:38,recv: FFEBHELLO4,FFEBHELLO4
2026-04-27 19:14:43,recv: FFECHELLO4,FFECHELLO4
2026-04-27 19:14:48,recv: FFEBHELLO4,FFEBHELLO4
2026-04-27 19:14:53,recv: FFECHELLO4,FFECHELLO4
2026-04-27 19:14:58,recv: FFECHELLO4,FFECHELLO4
2026-04-27 19:15:03,recv: FFECHELLO4,FFECHELLO4
2026-04-27 19:15:08,recv: FFECHELLO4,FFECHELLO4
2026-04-27 19:15:13,recv: FFECHELLO4,FFECHELLO4
2026-04-27 19:15:18,recv: FFECHELLO4,FFECHELLO4
2026-04-27 19:15:23,recv: FFECHELLO4,FFECHELLO4
2026-04-27 19:15:28,recv: FFECHELLO4,FFECHELLO4
2026-04-27 19:15:33,recv: FFECHELLO4,FFECHELLO4
2026-04-27 19:15:38,recv: FFECHELLO4,FFECHELLO4
2026-04-27 19:15:43,recv: FFEBHELLO4,FFEBHELLO4
2026-04-27 19:15:48,recv: FFEBHELLO4,FFEBHELLO4
2026-04-27 19:15:53,recv: FFEBHELLO4,FFEBHELLO4
2026-04-27 19:15:58,recv: FFEBHELLO4,FFEBHELLO4
2026-04-27 19:16:03,recv: FFEBHELLO4,FFEBHELLO4
2026-04-27 19:16:08,recv: FFEBHELLO4,FFEBHELLO4
2026-04-27 19:16:13,recv: FFEBHELLO4,FFEBHELLO4
2026-04-27 19:16:18,recv: FFEBHELLO4,FFEBHELLO4
2026-04-27 19:16:23,recv: FFECHELLO4,FFECHELLO4
2026-04-27 19:16:28,recv: FFECHELLO4,FFECHELLO4
2026-04-27 19:16:33,recv: FFECHELLO4,FFECHELLO4
2026-04-27 19:16:38,recv: FFECHELLO4,FFECHELLO4
2026-04-27 19:16:43,recv: FFECHELLO4,FFECHELLO4
2026-04-27 19:16:48,recv: FFECHELLO4,FFECHELLO4
2026-04-27 19:16:53,recv: FFECHELLO4,FFECHELLO4
2026-04-27 19:16:58,recv: FFECHELLO4,FFECHELLO4
2026-04-27 19:17:03,recv: FFECHELLO4,FFECHELLO4
2026-04-27 19:17:08,recv: FFECHELLO4,FFECHELLO4
2026-04-27 19:17:13,recv: FFECHELLO4,FFECHELLO4
2026-04-27 19:17:18,recv: FFECHELLO4,FFECHELLO4
2026-04-27 19:17:23,recv: FFECHELLO4,FFECHELLO4
2026-04-27 19:17:28,recv: FFECHELLO4,FFECHELLO4
2026-04-27 19:17:33,recv: FFECHELLO4,FFECHELLO4
2026-04-27 19:17:38,recv: FFEBHELLO4,FFEBHELLO4
2026-04-27 19:17:53,recv: FFEAHELLO4,FFEAHELLO4
2026-04-27 19:17:58,recv: FFEBHELLO4,FFEBHELLO4
2026-04-27 19:18:03,recv: FFEBHELLO4,FFEBHELLO4
2026-04-27 19:18:08,recv: FFE8HELLO4,FFE8HELLO4
2026-04-27 19:18:13,recv: FFEBHELLO4,FFEBHELLO4
2026-04-27 19:18:18,recv: FFEBHELLO4,FFEBHELLO4
2026-04-27 19:18:23,recv: FFEBHELLO4,FFEBHELLO4
2026-04-27 19:18:28,recv: FFEBHELLO4,FFEBHELLO4
2026-04-27 19:18:33,recv: FFEBHELLO4,FFEBHELLO4
2026-04-27 19:18:38,recv: FFEBHELLO4,FFEBHELLO4
2026-04-27 19:18:43,recv: FFECHELLO4,FFECHELLO4
2026-04-27 19:18:48,recv: FFECHELLO4,FFECHELLO4
2026-04-27 19:18:53,recv: FFEAHELLO4,FFEAHELLO4
2026-04-27 19:18:58,recv: FFEBHELLO4,FFEBHELLO4
2026-04-27 19:19:03,recv: FFEBHELLO4,FFEBHELLO4
2026-04-27 19:19:08,recv: FFECHELLO4,FFECHELLO4
2026-04-27 19:19:13,recv: FFECHELLO4,FFECHELLO4
2026-04-27 19:19:18,recv: FFECHELLO4,FFECHELLO4
2026-04-27 19:19:23,recv: FFEAHELLO4,FFEAHELLO4
2026-04-27 19:19:28,recv: FFEAHELLO4,FFEAHELLO4
2026-04-27 19:19:33,recv: FFEAHELLO4,FFEAHELLO4
2026-04-27 19:19:38,recv: FFEAHELLO4,FFEAHELLO4
2026-04-27 19:19:43,recv: FFEAHELLO4,FFEAHELLO4
2026-04-27 19:19:48,recv: FFE9HELLO4,FFE9HELLO4
2026-04-27 19:19:53,recv: FFEAHELLO4,FFEAHELLO4
2026-04-27 19:19:58,recv: FFEAHELLO4,FFEAHELLO4
2026-04-27 19:20:03,recv: FFEBHELLO4,FFEBHELLO4
2026-04-27 19:20:08,recv: FFECHELLO4,FFECHELLO4
2026-04-27 19:20:13,recv: FFEBHELLO4,FFEBHELLO4
2026-04-27 19:20:18,recv: FFEBHELLO4,FFEBHELLO4
2026-04-27 19:20:23,recv: FFEBHELLO4,FFEBHELLO4
2026-04-27 19:20:28,recv: FFE8HELLO4,FFE8HELLO4
2026-04-27 19:20:33,recv: FFE9HELLO4,FFE9HELLO4
2026-04-27 19:20:38,recv: FFE9HELLO4,FFE9HELLO4
2026-04-27 19:20:43,recv: FFE8HELLO4,FFE8HELLO4
2026-04-27 19:20:48,recv: FFE8HELLO4,FFE8HELLO4
2026-04-27 19:20:53,recv: FFEBHELLO4,FFEBHELLO4
2026-04-27 19:20:58,recv: FFE8HELLO4,FFE8HELLO4
2026-04-27 19:21:03,recv: FFE8HELLO4,FFE8HELLO4
2026-04-27 19:21:08,recv: FFE8HELLO4,FFE8HELLO4
2026-04-27 19:21:13,recv: FFE8HELLO4,FFE8HELLO4
2026-04-27 19:21:18,recv: FFE8HELLO4,FFE8HELLO4
2026-04-27 19:21:23,recv: FFE8HELLO4,FFE8HELLO4
2026-04-27 19:21:28,recv: FFEAHELLO4,FFEAHELLO4
2026-04-27 19:21:33,recv: FFEAHELLO4,FFEAHELLO4
2026-04-27 19:21:38,recv: FFEBHELLO4,FFEBHELLO4
2026-04-27 19:21:43,recv: FFEBHELLO4,FFEBHELLO4
2026-04-27 19:21:48,recv: FFEBHELLO4,FFEBHELLO4
2026-04-27 19:21:53,recv: FFEBHELLO4,FFEBHELLO4
2026-04-27 19:21:58,recv: FFEBHELLO4,FFEBHELLO4
2026-04-27 19:22:03,recv: FFEBHELLO4,FFEBHELLO4
2026-04-27 19:22:08,recv: FFEBHELLO4,FFEBHELLO4
2026-04-27 19:22:13,recv: FFEBHELLO4,FFEBHELLO4
2026-04-27 19:22:18,recv: FFEBHELLO4,FFEBHELLO4
2026-04-27 19:22:23,recv: FFEBHELLO4,FFEBHELLO4
2026-04-27 19:22:28,recv: FFEBHELLO4,FFEBHELLO4
2026-04-27 19:22:33,recv: FFEBHELLO4,FFEBHELLO4
2026-04-27 19:22:38,recv: FFEBHELLO4,FFEBHELLO4
2026-04-27 19:22:43,recv: FFEAHELLO4,FFEAHELLO4
2026-04-27 19:22:48,recv: FFEAHELLO4,FFEAHELLO4
2026-04-27 19:22:53,recv: FFEAHELLO4,FFEAHELLO4
2026-04-27 19:22:58,recv: FFEAHELLO4,FFEAHELLO4
2026-04-27 19:23:03,recv: FFE9HELLO4,FFE9HELLO4
2026-04-27 19:23:08,recv: FFE7HELLO4,FFE7HELLO4
2026-04-27 19:23:13,recv: FFE9HELLO4,FFE9HELLO4
2026-04-27 19:23:18,recv: FFE9HELLO4,FFE9HELLO4
2026-04-27 19:23:23,recv: FFECHELLO4,FFECHELLO4
2026-04-27 19:23:28,recv: FFE9HELLO4,FFE9HELLO4
2026-04-27 19:23:33,recv: FFE9HELLO4,FFE9HELLO4
2026-04-27 19:23:38,recv: FFE9HELLO4,FFE9HELLO4
2026-04-27 19:23:43,recv: FFEAHELLO4,FFEAHELLO4
2026-04-27 19:23:48,recv: FFEAHELLO4,FFEAHELLO4
2026-04-27 19:23:53,recv: FFEAHELLO4,FFEAHELLO4
2026-04-27 19:23:58,recv: FFECHELLO4,FFECHELLO4
2026-04-27 19:24:03,recv: FFEBHELLO4,FFEBHELLO4
2026-04-27 19:24:08,recv: FFEBHELLO4,FFEBHELLO4
2026-04-27 19:24:13,recv: FFEBHELLO4,FFEBHELLO4
2026-04-27 19:24:18,recv: FFEBHELLO4,FFEBHELLO4
2026-04-27 19:24:23,recv: FFECHELLO4,FFECHELLO4
2026-04-27 19:24:28,recv: FFECHELLO4,FFECHELLO4
2026-04-27 19:24:33,recv: FFECHELLO4,FFECHELLO4
2026-04-27 19:24:38,recv: FFECHELLO4,FFECHELLO4
2026-04-27 19:24:43,recv: FFEBHELLO4,FFEBHELLO4
2026-04-27 19:24:48,recv: FFEBHELLO4,FFEBHELLO4
2026-04-27 19:24:53,recv: FFEBHELLO4,FFEBHELLO4
2026-04-27 19:24:58,recv: FFEBHELLO4,FFEBHELLO4
2026-04-27 19:25:03,recv: FFEBHELLO4,FFEBHELLO4
2026-04-27 19:25:08,recv: FFEBHELLO4,FFEBHELLO4
2026-04-27 19:25:13,recv: FFEBHELLO4,FFEBHELLO4
2026-04-27 19:25:18,recv: FFEBHELLO4,FFEBHELLO4
2026-04-27 19:25:23,recv: FFECHELLO4,FFECHELLO4
2026-04-27 19:25:28,recv: FFEBHELLO4,FFEBHELLO4
2026-04-27 19:25:33,recv: FFEBHELLO4,FFEBHELLO4
2026-04-27 19:25:38,recv: FFEBHELLO4,FFEBHELLO4
2026-04-27 19:25:43,recv: FFEBHELLO4,FFEBHELLO4
2026-04-27 19:25:48,recv: FFECHELLO4,FFECHELLO4
2026-04-27 19:25:53,recv: FFEBHELLO4,FFEBHELLO4
2026-04-27 19:25:58,recv: FFEBHELLO4,FFEBHELLO4
2026-04-27 19:26:03,recv: FFE9HELLO4,FFE9HELLO4
2026-04-27 19:26:08,recv: FFE9HELLO4,FFE9HELLO4
2026-04-27 19:26:13,recv: FFEAHELLO4,FFEAHELLO4
2026-04-27 19:26:18,recv: FFE9HELLO4,FFE9HELLO4
2026-04-27 19:26:23,recv: FFEAHELLO4,FFEAHELLO4
2026-04-27 19:26:28,recv: FFEAHELLO4,FFEAHELLO4
2026-04-27 19:26:33,recv: FFEBHELLO4,FFEBHELLO4
2026-04-27 19:26:38,recv: FFEAHELLO4,FFEAHELLO4
2026-04-27 19:26:43,recv: FFEAHELLO4,FFEAHELLO4
2026-04-27 19:26:48,recv: FFEAHELLO4,FFEAHELLO4
2026-04-27 19:26:53,recv: FFEAHELLO4,FFEAHELLO4
2026-04-27 19:26:58,recv: FFEAHELLO4,FFEAHELLO4
2026-04-27 19:27:03,recv: FFEBHELLO4,FFEBHELLO4
2026-04-27 19:27:08,recv: FFEAHELLO4,FFEAHELLO4
2026-04-27 19:27:13,recv: FFEAHELLO4,FFEAHELLO4
2026-04-27 19:27:18,recv: FFEAHELLO4,FFEAHELLO4
2026-04-27 19:27:23,recv: FFECHELLO4,FFECHELLO4
2026-04-27 19:27:28,recv: FFE7HELLO4,FFE7HELLO4
2026-04-27 19:27:33,recv: FFECHELLO4,FFECHELLO4
2026-04-27 19:27:38,recv: FFECHELLO4,FFECHELLO4
2026-04-27 19:27:43,recv: FFEBHELLO4,FFEBHELLO4
2026-04-27 19:27:48,recv: FFECHELLO4,FFECHELLO4
2026-04-27 19:27:53,recv: FFECHELLO4,FFECHELLO4
2026-04-27 19:27:58,recv: FFECHELLO4,FFECHELLO4
2026-04-27 19:28:03,recv: FFEBHELLO4,FFEBHELLO4
2026-04-27 19:28:08,recv: FFEBHELLO4,FFEBHELLO4
2026-04-27 19:28:13,recv: FFEBHELLO4,FFEBHELLO4
2026-04-27 19:28:18,recv: FFEBHELLO4,FFEBHELLO4
2026-04-27 19:28:23,recv: FFE8HELLO4,FFE8HELLO4
2026-04-27 19:28:28,recv: FFEAHELLO4,FFEAHELLO4
2026-04-27 19:28:33,recv: FFEAHELLO4,FFEAHELLO4
2026-04-27 19:28:38,recv: FFEAHELLO4,FFEAHELLO4
2026-04-27 19:28:43,recv: FFEBHELLO4,FFEBHELLO4
2026-04-27 19:28:48,recv: FFEBHELLO4,FFEBHELLO4
2026-04-27 19:28:53,recv: FFEBHELLO4,FFEBHELLO4
2026-04-27 19:28:58,recv: FFE8HELLO4,FFE8HELLO4
2026-04-27 19:29:18,recv: FFECHELLO4,FFECHELLO4
2026-04-27 19:29:23,recv: FFECHELLO4,FFECHELLO4
2026-04-27 19:29:28,recv: FFECHELLO4,FFECHELLO4
2026-04-27 19:29:33,recv: FFEBHELLO4,FFEBHELLO4
2026-04-27 19:29:38,recv: FFEBHELLO4,FFEBHELLO4
2026-04-27 19:29:43,recv: FFEBHELLO4,FFEBHELLO4
2026-04-27 19:29:48,recv: FFEBHELLO4,FFEBHELLO4
2026-04-27 19:29:53,recv: FFEAHELLO4,FFEAHELLO4
2026-04-27 19:29:58,recv: FFEAHELLO4,FFEAHELLO4
2026-04-27 19:30:03,recv: FFEAHELLO4,FFEAHELLO4
2026-04-27 19:30:08,recv: FFEAHELLO4,FFEAHELLO4
2026-04-27 19:30:13,recv: FFECHELLO4,FFECHELLO4
2026-04-27 19:30:18,recv: FFECHELLO4,FFECHELLO4
2026-04-27 19:30:23,recv: FFECHELLO4,FFECHELLO4
2026-04-27 19:30:28,recv: FFECHELLO4,FFECHELLO4
2026-04-27 19:30:33,recv: FFECHELLO4,FFECHELLO4
2026-04-27 19:30:38,recv: FFEBHELLO4,FFEBHELLO4
2026-04-27 19:30:43,recv: FFECHELLO4,FFECHELLO4
2026-04-27 19:30:48,recv: FFECHELLO4,FFECHELLO4
2026-04-27 19:30:53,recv: FFEBHELLO4,FFEBHELLO4
2026-04-27 19:31:12,recv: FFEBHELLO5,FFEBHELLO5
2026-04-27 19:31:22,recv: FFEAHELLO5,FFEAHELLO5
2026-04-27 19:31:32,recv: FFE9HELLO5,FFE9HELLO5
2026-04-27 19:31:42,recv: FFE9HELLO5,FFE9HELLO5
2026-04-27 19:31:52,recv: FFDDHELLO5,FFDDHELLO5
2026-04-27 19:32:02,recv: FFDEHELLO5,FFDEHELLO5
2026-04-27 19:32:12,recv: FFDEHELLO5,FFDEHELLO5
2026-04-27 19:32:22,recv: FFDEHELLO5,FFDEHELLO5
2026-04-27 19:32:32,recv: FFDCHELLO5,FFDCHELLO5
2026-04-27 19:32:42,recv: FFDCHELLO5,FFDCHELLO5
2026-04-27 19:33:06,recv: FFDChello1,FFDChello1
2026-04-27 19:40:56,recv: FFDBhello1,FFDBhello1
2026-04-27 19:41:57,recv: FFDBhello2,FFDBhello2
2026-04-27 19:42:57,recv: FFDBhello3,FFDBhello3
2026-04-27 19:43:52,recv: FFDChello1,FFDChello1
2026-04-27 19:44:56,recv: FFDBhello2,FFDBhello2
2026-04-27 19:45:53,recv: FFDBhello3,FFDBhello3
2026-04-27 19:46:54,recv: FFDChello4,FFDChello4
2026-04-27 19:47:54,recv: FFDBhello5,FFDBhello5
2026-04-27 19:48:54,recv: FFDBhello6,FFDBhello6
2026-04-27 19:49:53,recv: FFDChello7,FFDChello7
2026-04-27 19:50:54,recv: FFDChello8,FFDChello8
2026-04-27 19:51:54,recv: FFDAhello9,FFDAhello9
2026-04-27 19:52:54,recv: FFDBhello10,FFDBhello10
2026-04-27 19:53:54,recv: FFDBhello11,FFDBhello11
2026-04-27 19:54:54,recv: FFDDhello12,FFDDhello12
2026-04-27 19:55:54,recv: FFDBhello13,FFDBhello13
2026-04-27 19:56:54,recv: FFDBhello14,FFDBhello14
2026-04-27 19:57:19,"recv: FFDB{""type"":""hello"",""count"":1,""message"":""hello1""}","FFDB{""type"":""hello"",""count"":1,""message"":""hello1""}"
2026-04-27 19:58:22,"recv: FFDB{""type"":""hello"",""count"":2,""message"":""hello2""}","FFDB{""type"":""hello"",""count"":2,""message"":""hello2""}"
2026-04-27 19:59:22,"recv: FFDB{""type"":""hello"",""count"":3,""message"":""hello3""}","FFDB{""type"":""hello"",""count"":3,""message"":""hello3""}"
2026-04-27 20:00:20,"recv: FFDD{""type"":""hello"",""count"":4,""message"":""hello4""}","FFDD{""type"":""hello"",""count"":4,""message"":""hello4""}"
2026-04-27 20:01:22,"recv: FFDD{""type"":""hello"",""count"":5,""message"":""hello5""}","FFDD{""type"":""hello"",""count"":5,""message"":""hello5""}"
2026-04-27 20:02:22,"recv: FFDC{""type"":""hello"",""count"":6,""message"":""hello6""}","FFDC{""type"":""hello"",""count"":6,""message"":""hello6""}"
2026-04-27 20:03:20,"recv: FFDC{""type"":""hello"",""count"":7,""message"":""hello7""}","FFDC{""type"":""hello"",""count"":7,""message"":""hello7""}"
2026-04-27 20:04:22,"recv: FFDC{""type"":""hello"",""count"":8,""message"":""hello8""}","FFDC{""type"":""hello"",""count"":8,""message"":""hello8""}"
2026-04-27 20:05:22,"recv: FFDC{""type"":""hello"",""count"":9,""message"":""hello9""}","FFDC{""type"":""hello"",""count"":9,""message"":""hello9""}"
2026-04-27 20:06:22,"recv: FFDC{""type"":""hello"",""count"":10,""message"":""hello10""}","FFDC{""type"":""hello"",""count"":10,""message"":""hello10""}"
2026-04-27 20:07:22,"recv: FFDB{""type"":""hello"",""count"":11,""message"":""hello11""}","FFDB{""type"":""hello"",""count"":11,""message"":""hello11""}"
2026-04-27 20:08:22,"recv: FFDC{""type"":""hello"",""count"":12,""message"":""hello12""}","FFDC{""type"":""hello"",""count"":12,""message"":""hello12""}"
2026-04-27 20:09:22,"recv: FFDB{""type"":""hello"",""count"":13,""message"":""hello13""}","FFDB{""type"":""hello"",""count"":13,""message"":""hello13""}"
2026-04-27 20:10:22,"recv: FFDB{""type"":""hello"",""count"":14,""message"":""hello14""}","FFDB{""type"":""hello"",""count"":14,""message"":""hello14""}"
2026-04-27 20:11:22,"recv: FFDB{""type"":""hello"",""count"":15,""message"":""hello15""}","FFDB{""type"":""hello"",""count"":15,""message"":""hello15""}"
2026-04-27 20:12:20,"recv: FFDB{""type"":""hello"",""count"":16,""message"":""hello16""}","FFDB{""type"":""hello"",""count"":16,""message"":""hello16""}"
2026-04-27 20:13:22,"recv: FFDB{""type"":""hello"",""count"":17,""message"":""hello17""}","FFDB{""type"":""hello"",""count"":17,""message"":""hello17""}"
2026-04-27 20:14:22,"recv: FFDB{""type"":""hello"",""count"":18,""message"":""hello18""}","FFDB{""type"":""hello"",""count"":18,""message"":""hello18""}"
2026-04-27 20:15:22,"recv: FFDC{""type"":""hello"",""count"":19,""message"":""hello19""}","FFDC{""type"":""hello"",""count"":19,""message"":""hello19""}"
2026-04-27 20:16:22,"recv: FFDB{""type"":""hello"",""count"":20,""message"":""hello20""}","FFDB{""type"":""hello"",""count"":20,""message"":""hello20""}"
2026-04-27 20:17:20,"recv: FFDC{""type"":""hello"",""count"":21,""message"":""hello21""}","FFDC{""type"":""hello"",""count"":21,""message"":""hello21""}"
2026-04-27 20:18:22,"recv: FFDC{""type"":""hello"",""count"":22,""message"":""hello22""}","FFDC{""type"":""hello"",""count"":22,""message"":""hello22""}"
2026-04-27 20:19:20,"recv: FFDB{""type"":""hello"",""count"":23,""message"":""hello23""}","FFDB{""type"":""hello"",""count"":23,""message"":""hello23""}"
2026-04-27 20:20:22,"recv: FFDB{""type"":""hello"",""count"":24,""message"":""hello24""}","FFDB{""type"":""hello"",""count"":24,""message"":""hello24""}"
2026-04-27 20:21:20,"recv: FFDC{""type"":""hello"",""count"":25,""message"":""hello25""}","FFDC{""type"":""hello"",""count"":25,""message"":""hello25""}"
2026-04-27 20:22:22,"recv: FFDA{""type"":""hello"",""count"":26,""message"":""hello26""}","FFDA{""type"":""hello"",""count"":26,""message"":""hello26""}"
2026-04-27 20:23:20,"recv: FFDC{""type"":""hello"",""count"":27,""message"":""hello27""}","FFDC{""type"":""hello"",""count"":27,""message"":""hello27""}"
2026-04-27 20:24:22,"recv: FFDB{""type"":""hello"",""count"":28,""message"":""hello28""}","FFDB{""type"":""hello"",""count"":28,""message"":""hello28""}"
2026-04-27 20:25:20,"recv: FFDB{""type"":""hello"",""count"":29,""message"":""hello29""}","FFDB{""type"":""hello"",""count"":29,""message"":""hello29""}"
2026-04-27 20:26:22,"recv: FFDC{""type"":""hello"",""count"":30,""message"":""hello30""}","FFDC{""type"":""hello"",""count"":30,""message"":""hello30""}"
2026-04-27 20:27:22,"recv: FFDC{""type"":""hello"",""count"":31,""message"":""hello31""}","FFDC{""type"":""hello"",""count"":31,""message"":""hello31""}"
2026-04-27 20:28:20,"recv: FFDC{""type"":""hello"",""count"":32,""message"":""hello32""}","FFDC{""type"":""hello"",""count"":32,""message"":""hello32""}"
2026-04-27 20:58:13,recv: FFDDQR-ID1,FFDDQR-ID1
2026-04-27 20:59:15,recv: FFDCQR-ID2,FFDCQR-ID2
2026-04-27 21:00:15,recv: FFDDQR-ID3,FFDDQR-ID3
2026-04-27 21:01:15,recv: FFDCQR-ID4,FFDCQR-ID4
2026-04-27 21:01:27,recv: FFDDQR-ID1,FFDDQR-ID1
2026-04-27 21:02:29,recv: FFDCQR-ID2,FFDCQR-ID2
2026-04-27 21:03:29,recv: FFDBQR-ID3,FFDBQR-ID3
2026-04-27 21:04:30,recv: FFDCQR-ID4,FFDCQR-ID4
2026-04-27 21:04:49,"recv: FFDC{""qr_id"":""1""}","FFDC{""qr_id"":""1""}"
2026-04-27 21:05:52,"recv: FFDB{""qr_id"":""2""}","FFDB{""qr_id"":""2""}"
2026-04-27 21:06:52,"recv: FFDC{""qr_id"":""3""}","FFDC{""qr_id"":""3""}"
2026-04-27 21:07:52,"recv: FFDB{""qr_id"":""4""}","FFDB{""qr_id"":""4""}"
2026-04-27 21:08:52,"recv: FFDB{""qr_id"":""5""}","FFDB{""qr_id"":""5""}"
2026-04-27 21:09:52,"recv: FFDB{""qr_id"":""6""}","FFDB{""qr_id"":""6""}"
2026-04-27 21:10:52,"recv: FFDC{""qr_id"":""7""}","FFDC{""qr_id"":""7""}"
2026-04-27 21:11:52,"recv: FFDC{""qr_id"":""8""}","FFDC{""qr_id"":""8""}"
2026-04-27 21:12:52,"recv: FFDC{""qr_id"":""9""}","FFDC{""qr_id"":""9""}"
2026-04-27 21:13:52,"recv: FFDC{""qr_id"":""a""}","FFDC{""qr_id"":""a""}"
2026-04-27 21:14:52,"recv: FFDC{""qr_id"":""b""}","FFDC{""qr_id"":""b""}"
2026-04-27 21:15:52,"recv: FFDB{""qr_id"":""c""}","FFDB{""qr_id"":""c""}"
2026-04-27 21:17:13,"recv: FFD1{""qr_id"":""1""}","FFD1{""qr_id"":""1""}"
2026-04-27 21:18:15,"recv: FFD2{""qr_id"":""2""}","FFD2{""qr_id"":""2""}"
2026-04-27 21:19:15,"recv: FFD3{""qr_id"":""3""}","FFD3{""qr_id"":""3""}"
2026-04-27 21:20:15,"recv: FFD4{""qr_id"":""4""}","FFD4{""qr_id"":""4""}"
2026-04-27 21:21:15,"recv: FFD4{""qr_id"":""5""}","FFD4{""qr_id"":""5""}"
2026-04-27 21:22:15,"recv: FFD3{""qr_id"":""6""}","FFD3{""qr_id"":""6""}"
2026-04-27 21:23:15,"recv: FFD1{""qr_id"":""7""}","FFD1{""qr_id"":""7""}"
2026-04-27 21:24:15,"recv: FFC8{""qr_id"":""8""}","FFC8{""qr_id"":""8""}"
2026-04-27 21:25:15,"recv: FFD6{""qr_id"":""9""}","FFD6{""qr_id"":""9""}"
2026-04-27 21:26:15,"recv: FFD5{""qr_id"":""a""}","FFD5{""qr_id"":""a""}"
2026-04-27 21:27:15,"recv: FFD4{""qr_id"":""b""}","FFD4{""qr_id"":""b""}"
2026-04-27 21:28:15,"recv: FFCE{""qr_id"":""c""}","FFCE{""qr_id"":""c""}"
2026-04-27 21:29:15,"recv: FFD2{""qr_id"":""d""}","FFD2{""qr_id"":""d""}"
2026-04-27 21:30:15,"recv: FFD6{""qr_id"":""e""}","FFD6{""qr_id"":""e""}"
2026-04-27 21:31:15,"recv: FFD5{""qr_id"":""f""}","FFD5{""qr_id"":""f""}"
2026-04-27 21:32:15,"recv: FFD9{""qr_id"":""10""}","FFD9{""qr_id"":""10""}"
2026-04-27 21:33:15,"recv: FFD8{""qr_id"":""11""}","FFD8{""qr_id"":""11""}"
2026-04-27 21:34:15,"recv: FFDB{""qr_id"":""12""}","FFDB{""qr_id"":""12""}"
2026-04-27 21:35:15,"recv: FFDB{""qr_id"":""13""}","FFDB{""qr_id"":""13""}"
2026-04-27 21:36:15,"recv: FFDB{""qr_id"":""14""}","FFDB{""qr_id"":""14""}"
2026-04-27 21:37:15,"recv: FFDB{""qr_id"":""15""}","FFDB{""qr_id"":""15""}"
2026-04-27 21:38:15,"recv: FFDA{""qr_id"":""16""}","FFDA{""qr_id"":""16""}"
2026-04-27 21:39:15,"recv: FFDB{""qr_id"":""17""}","FFDB{""qr_id"":""17""}"
2026-04-27 21:40:15,"recv: FFDA{""qr_id"":""18""}","FFDA{""qr_id"":""18""}"
2026-04-27 21:41:15,"recv: FFDB{""qr_id"":""19""}","FFDB{""qr_id"":""19""}"
2026-04-27 21:42:15,"recv: FFDA{""qr_id"":""1a""}","FFDA{""qr_id"":""1a""}"
2026-04-27 21:43:15,"recv: FFDA{""qr_id"":""1b""}","FFDA{""qr_id"":""1b""}"
2026-04-27 21:44:15,"recv: FFDB{""qr_id"":""1c""}","FFDB{""qr_id"":""1c""}"
2026-04-27 21:45:15,"recv: FFDA{""qr_id"":""1d""}","FFDA{""qr_id"":""1d""}"
2026-04-27 21:46:15,"recv: FFDA{""qr_id"":""1e""}","FFDA{""qr_id"":""1e""}"
2026-04-27 21:47:15,"recv: FFDA{""qr_id"":""1f""}","FFDA{""qr_id"":""1f""}"
2026-04-27 21:48:15,"recv: FFDB{""qr_id"":""20""}","FFDB{""qr_id"":""20""}"
2026-04-27 21:49:15,"recv: FFDB{""qr_id"":""21""}","FFDB{""qr_id"":""21""}"
2026-04-27 21:50:15,"recv: FFDA{""qr_id"":""22""}","FFDA{""qr_id"":""22""}"
2026-04-27 21:51:15,"recv: FFDB{""qr_id"":""23""}","FFDB{""qr_id"":""23""}"
2026-04-27 21:52:15,"recv: FFDB{""qr_id"":""24""}","FFDB{""qr_id"":""24""}"
2026-04-27 21:53:15,"recv: FFDA{""qr_id"":""25""}","FFDA{""qr_id"":""25""}"
2026-04-27 21:54:15,"recv: FFDB{""qr_id"":""26""}","FFDB{""qr_id"":""26""}"
2026-04-27 21:55:15,"recv: FFDB{""qr_id"":""27""}","FFDB{""qr_id"":""27""}"
2026-04-27 21:56:15,"recv: FFDB{""qr_id"":""28""}","FFDB{""qr_id"":""28""}"
2026-04-27 21:57:15,"recv: FFDB{""qr_id"":""29""}","FFDB{""qr_id"":""29""}"
2026-04-27 21:58:15,"recv: FFDB{""qr_id"":""2a""}","FFDB{""qr_id"":""2a""}"
2026-04-27 21:59:15,"recv: FFDB{""qr_id"":""2b""}","FFDB{""qr_id"":""2b""}"
2026-04-27 22:00:15,"recv: FFDA{""qr_id"":""2c""}","FFDA{""qr_id"":""2c""}"
2026-04-27 22:01:15,"recv: FFDB{""qr_id"":""2d""}","FFDB{""qr_id"":""2d""}"
2026-04-27 22:02:15,"recv: FFDB{""qr_id"":""2e""}","FFDB{""qr_id"":""2e""}"
2026-04-27 22:03:15,"recv: FFDB{""qr_id"":""2f""}","FFDB{""qr_id"":""2f""}"
2026-04-27 22:04:15,"recv: FFDA{""qr_id"":""30""}","FFDA{""qr_id"":""30""}"
2026-04-27 22:05:15,"recv: FFDA{""qr_id"":""31""}","FFDA{""qr_id"":""31""}"
2026-04-27 22:06:15,"recv: FFDA{""qr_id"":""32""}","FFDA{""qr_id"":""32""}"
2026-04-27 22:07:15,"recv: FFDA{""qr_id"":""33""}","FFDA{""qr_id"":""33""}"
2026-04-27 22:08:15,"recv: FFDB{""qr_id"":""34""}","FFDB{""qr_id"":""34""}"
2026-04-27 22:09:15,"recv: FFDB{""qr_id"":""35""}","FFDB{""qr_id"":""35""}"
2026-04-27 22:10:15,"recv: FFDA{""qr_id"":""36""}","FFDA{""qr_id"":""36""}"
2026-04-27 22:11:15,"recv: FFDB{""qr_id"":""37""}","FFDB{""qr_id"":""37""}"
2026-04-27 22:12:15,"recv: FFDB{""qr_id"":""38""}","FFDB{""qr_id"":""38""}"
2026-04-27 22:13:15,"recv: FFDA{""qr_id"":""39""}","FFDA{""qr_id"":""39""}"
2026-04-27 22:14:15,"recv: FFDB{""qr_id"":""3a""}","FFDB{""qr_id"":""3a""}"
2026-04-27 22:15:15,"recv: FFDA{""qr_id"":""3b""}","FFDA{""qr_id"":""3b""}"
2026-04-27 22:16:15,"recv: FFDA{""qr_id"":""3c""}","FFDA{""qr_id"":""3c""}"
2026-04-27 22:17:15,"recv: FFDB{""qr_id"":""3d""}","FFDB{""qr_id"":""3d""}"
2026-04-27 22:18:15,"recv: FFDA{""qr_id"":""3e""}","FFDA{""qr_id"":""3e""}"
2026-04-27 22:19:15,"recv: FFDA{""qr_id"":""3f""}","FFDA{""qr_id"":""3f""}"
2026-04-27 22:20:15,"recv: FFDA{""qr_id"":""40""}","FFDA{""qr_id"":""40""}"
2026-04-27 22:21:15,"recv: FFDA{""qr_id"":""41""}","FFDA{""qr_id"":""41""}"
2026-04-27 22:22:15,"recv: FFDB{""qr_id"":""42""}","FFDB{""qr_id"":""42""}"
2026-04-27 22:23:15,"recv: FFDA{""qr_id"":""43""}","FFDA{""qr_id"":""43""}"
2026-04-27 22:24:15,"recv: FFDB{""qr_id"":""44""}","FFDB{""qr_id"":""44""}"
2026-04-27 22:25:16,"recv: FFDB{""qr_id"":""45""}","FFDB{""qr_id"":""45""}"
2026-04-27 22:26:16,"recv: FFDA{""qr_id"":""46""}","FFDA{""qr_id"":""46""}"
2026-04-27 22:27:16,"recv: FFDB{""qr_id"":""47""}","FFDB{""qr_id"":""47""}"
2026-04-27 22:28:16,"recv: FFDB{""qr_id"":""48""}","FFDB{""qr_id"":""48""}"
2026-04-27 22:29:16,"recv: FFDA{""qr_id"":""49""}","FFDA{""qr_id"":""49""}"
2026-04-27 22:30:16,"recv: FFDA{""qr_id"":""4a""}","FFDA{""qr_id"":""4a""}"
2026-04-27 22:31:16,"recv: FFDB{""qr_id"":""4b""}","FFDB{""qr_id"":""4b""}"
2026-04-27 22:32:16,"recv: FFDB{""qr_id"":""4c""}","FFDB{""qr_id"":""4c""}"
2026-04-27 22:33:16,"recv: FFDB{""qr_id"":""4d""}","FFDB{""qr_id"":""4d""}"
2026-04-27 22:34:16,"recv: FFDB{""qr_id"":""4e""}","FFDB{""qr_id"":""4e""}"
2026-04-27 22:35:16,"recv: FFDA{""qr_id"":""4f""}","FFDA{""qr_id"":""4f""}"
2026-04-27 22:36:16,"recv: FFDB{""qr_id"":""50""}","FFDB{""qr_id"":""50""}"
2026-04-27 22:37:16,"recv: FFDB{""qr_id"":""51""}","FFDB{""qr_id"":""51""}"
2026-04-27 22:38:16,"recv: FFDB{""qr_id"":""52""}","FFDB{""qr_id"":""52""}"
2026-04-27 22:39:16,"recv: FFDB{""qr_id"":""53""}","FFDB{""qr_id"":""53""}"
2026-04-27 22:40:16,"recv: FFDA{""qr_id"":""54""}","FFDA{""qr_id"":""54""}"
2026-04-27 22:41:16,"recv: FFDB{""qr_id"":""55""}","FFDB{""qr_id"":""55""}"
2026-04-27 22:42:16,"recv: FFDA{""qr_id"":""56""}","FFDA{""qr_id"":""56""}"
2026-04-27 22:43:16,"recv: FFDA{""qr_id"":""57""}","FFDA{""qr_id"":""57""}"
2026-04-27 22:44:16,"recv: FFDB{""qr_id"":""58""}","FFDB{""qr_id"":""58""}"
2026-04-27 22:45:16,"recv: FFDB{""qr_id"":""59""}","FFDB{""qr_id"":""59""}"
2026-04-27 22:46:16,"recv: FFDA{""qr_id"":""5a""}","FFDA{""qr_id"":""5a""}"
2026-04-27 22:47:16,"recv: FFDA{""qr_id"":""5b""}","FFDA{""qr_id"":""5b""}"
2026-04-27 22:48:16,"recv: FFDA{""qr_id"":""5c""}","FFDA{""qr_id"":""5c""}"
2026-04-27 22:49:16,"recv: FFDA{""qr_id"":""5d""}","FFDA{""qr_id"":""5d""}"
2026-04-27 22:50:16,"recv: FFDA{""qr_id"":""5e""}","FFDA{""qr_id"":""5e""}"
2026-04-27 22:51:16,"recv: FFDB{""qr_id"":""5f""}","FFDB{""qr_id"":""5f""}"
2026-04-27 22:52:16,"recv: FFDA{""qr_id"":""60""}","FFDA{""qr_id"":""60""}"
2026-04-27 22:53:16,"recv: FFDB{""qr_id"":""61""}","FFDB{""qr_id"":""61""}"
2026-04-27 22:54:16,"recv: FFDA{""qr_id"":""62""}","FFDA{""qr_id"":""62""}"
2026-04-27 22:55:16,"recv: FFDA{""qr_id"":""63""}","FFDA{""qr_id"":""63""}"
2026-04-27 22:56:16,"recv: FFDB{""qr_id"":""64""}","FFDB{""qr_id"":""64""}"
2026-04-27 22:57:16,"recv: FFDB{""qr_id"":""65""}","FFDB{""qr_id"":""65""}"
2026-04-27 22:58:16,"recv: FFDB{""qr_id"":""66""}","FFDB{""qr_id"":""66""}"
2026-04-27 22:59:16,"recv: FFDA{""qr_id"":""67""}","FFDA{""qr_id"":""67""}"
2026-04-27 23:00:16,"recv: FFDB{""qr_id"":""68""}","FFDB{""qr_id"":""68""}"
2026-04-27 23:01:16,"recv: FFDA{""qr_id"":""69""}","FFDA{""qr_id"":""69""}"
2026-04-27 23:02:16,"recv: FFDB{""qr_id"":""6a""}","FFDB{""qr_id"":""6a""}"
2026-04-27 23:03:16,"recv: FFDA{""qr_id"":""6b""}","FFDA{""qr_id"":""6b""}"
2026-04-27 23:04:16,"recv: FFDA{""qr_id"":""6c""}","FFDA{""qr_id"":""6c""}"
2026-04-27 23:05:16,"recv: FFDA{""qr_id"":""6d""}","FFDA{""qr_id"":""6d""}"
2026-04-27 23:06:16,"recv: FFDB{""qr_id"":""6e""}","FFDB{""qr_id"":""6e""}"
2026-04-27 23:07:16,"recv: FFDA{""qr_id"":""6f""}","FFDA{""qr_id"":""6f""}"
2026-04-27 23:08:16,"recv: FFDA{""qr_id"":""70""}","FFDA{""qr_id"":""70""}"
2026-04-27 23:09:16,"recv: FFDA{""qr_id"":""71""}","FFDA{""qr_id"":""71""}"
2026-04-27 23:10:16,"recv: FFDA{""qr_id"":""72""}","FFDA{""qr_id"":""72""}"
2026-04-27 23:11:16,"recv: FFDA{""qr_id"":""73""}","FFDA{""qr_id"":""73""}"
2026-04-27 23:12:16,"recv: FFDA{""qr_id"":""74""}","FFDA{""qr_id"":""74""}"
2026-04-27 23:13:16,"recv: FFDA{""qr_id"":""75""}","FFDA{""qr_id"":""75""}"
2026-04-27 23:14:16,"recv: FFDA{""qr_id"":""76""}","FFDA{""qr_id"":""76""}"
2026-04-27 23:15:16,"recv: FFDB{""qr_id"":""77""}","FFDB{""qr_id"":""77""}"
2026-04-27 23:16:16,"recv: FFDA{""qr_id"":""78""}","FFDA{""qr_id"":""78""}"
2026-04-27 23:17:16,"recv: FFDA{""qr_id"":""79""}","FFDA{""qr_id"":""79""}"
2026-04-27 23:18:16,"recv: FFDB{""qr_id"":""7a""}","FFDB{""qr_id"":""7a""}"
2026-04-27 23:19:16,"recv: FFD9{""qr_id"":""7b""}","FFD9{""qr_id"":""7b""}"
2026-04-27 23:20:16,"recv: FFDA{""qr_id"":""7c""}","FFDA{""qr_id"":""7c""}"
2026-04-27 23:21:16,"recv: FFD9{""qr_id"":""7d""}","FFD9{""qr_id"":""7d""}"
2026-04-27 23:22:16,"recv: FFDA{""qr_id"":""7e""}","FFDA{""qr_id"":""7e""}"
2026-04-27 23:23:16,"recv: FFDA{""qr_id"":""7f""}","FFDA{""qr_id"":""7f""}"
2026-04-27 23:24:16,"recv: FFDA{""qr_id"":""80""}","FFDA{""qr_id"":""80""}"
2026-04-27 23:25:16,"recv: FFDA{""qr_id"":""81""}","FFDA{""qr_id"":""81""}"
2026-04-27 23:26:16,"recv: FFDA{""qr_id"":""82""}","FFDA{""qr_id"":""82""}"
2026-04-27 23:27:16,"recv: FFDA{""qr_id"":""83""}","FFDA{""qr_id"":""83""}"
2026-04-27 23:28:16,"recv: FFDA{""qr_id"":""84""}","FFDA{""qr_id"":""84""}"
2026-04-27 23:29:16,"recv: FFDA{""qr_id"":""85""}","FFDA{""qr_id"":""85""}"
2026-04-27 23:30:16,"recv: FFDA{""qr_id"":""86""}","FFDA{""qr_id"":""86""}"
2026-04-27 23:31:16,"recv: FFDB{""qr_id"":""87""}","FFDB{""qr_id"":""87""}"
2026-04-27 23:32:16,"recv: FFDA{""qr_id"":""88""}","FFDA{""qr_id"":""88""}"
2026-04-27 23:33:16,"recv: FFDA{""qr_id"":""89""}","FFDA{""qr_id"":""89""}"
2026-04-27 23:34:16,"recv: FFDA{""qr_id"":""8a""}","FFDA{""qr_id"":""8a""}"
2026-04-27 23:35:16,"recv: FFDA{""qr_id"":""8b""}","FFDA{""qr_id"":""8b""}"
2026-04-27 23:36:16,"recv: FFDA{""qr_id"":""8c""}","FFDA{""qr_id"":""8c""}"
2026-04-27 23:37:16,"recv: FFDA{""qr_id"":""8d""}","FFDA{""qr_id"":""8d""}"
2026-04-27 23:38:16,"recv: FFDA{""qr_id"":""8e""}","FFDA{""qr_id"":""8e""}"
2026-04-27 23:39:16,"recv: FFDA{""qr_id"":""8f""}","FFDA{""qr_id"":""8f""}"
2026-04-27 23:40:16,"recv: FFDA{""qr_id"":""90""}","FFDA{""qr_id"":""90""}"
2026-04-27 23:41:16,"recv: FFDA{""qr_id"":""91""}","FFDA{""qr_id"":""91""}"
2026-04-27 23:42:16,"recv: FFDA{""qr_id"":""92""}","FFDA{""qr_id"":""92""}"
2026-04-27 23:43:16,"recv: FFDA{""qr_id"":""93""}","FFDA{""qr_id"":""93""}"
2026-04-27 23:44:16,"recv: FFD9{""qr_id"":""94""}","FFD9{""qr_id"":""94""}"
2026-04-27 23:45:16,"recv: FFDA{""qr_id"":""95""}","FFDA{""qr_id"":""95""}"
2026-04-27 23:46:16,"recv: FFDB{""qr_id"":""96""}","FFDB{""qr_id"":""96""}"
2026-04-27 23:47:16,"recv: FFDA{""qr_id"":""97""}","FFDA{""qr_id"":""97""}"
2026-04-27 23:48:16,"recv: FFDA{""qr_id"":""98""}","FFDA{""qr_id"":""98""}"
2026-04-27 23:49:16,"recv: FFDB{""qr_id"":""99""}","FFDB{""qr_id"":""99""}"
2026-04-27 23:50:16,"recv: FFDA{""qr_id"":""9a""}","FFDA{""qr_id"":""9a""}"
2026-04-27 23:51:16,"recv: FFDB{""qr_id"":""9b""}","FFDB{""qr_id"":""9b""}"
2026-04-27 23:52:16,"recv: FFDB{""qr_id"":""9c""}","FFDB{""qr_id"":""9c""}"
2026-04-27 23:53:16,"recv: FFDB{""qr_id"":""9d""}","FFDB{""qr_id"":""9d""}"
2026-04-27 23:54:16,"recv: FFDA{""qr_id"":""9e""}","FFDA{""qr_id"":""9e""}"
2026-04-27 23:55:16,"recv: FFDB{""qr_id"":""9f""}","FFDB{""qr_id"":""9f""}"
2026-04-27 23:56:16,"recv: FFDB{""qr_id"":""a0""}","FFDB{""qr_id"":""a0""}"
2026-04-27 23:57:16,"recv: FFDB{""qr_id"":""a1""}","FFDB{""qr_id"":""a1""}"
2026-04-27 23:58:16,"recv: FFDA{""qr_id"":""a2""}","FFDA{""qr_id"":""a2""}"
2026-04-27 23:59:16,"recv: FFDA{""qr_id"":""a3""}","FFDA{""qr_id"":""a3""}"
2026-04-28 00:00:16,"recv: FFDA{""qr_id"":""a4""}","FFDA{""qr_id"":""a4""}"
2026-04-28 00:01:16,"recv: FFDB{""qr_id"":""a5""}","FFDB{""qr_id"":""a5""}"
2026-04-28 00:02:16,"recv: FFDB{""qr_id"":""a6""}","FFDB{""qr_id"":""a6""}"
2026-04-28 00:03:16,"recv: FFDA{""qr_id"":""a7""}","FFDA{""qr_id"":""a7""}"
2026-04-28 00:04:16,"recv: FFDB{""qr_id"":""a8""}","FFDB{""qr_id"":""a8""}"
2026-04-28 00:05:16,"recv: FFDB{""qr_id"":""a9""}","FFDB{""qr_id"":""a9""}"
2026-04-28 00:06:16,"recv: FFDB{""qr_id"":""aa""}","FFDB{""qr_id"":""aa""}"
2026-04-28 00:07:16,"recv: FFDA{""qr_id"":""ab""}","FFDA{""qr_id"":""ab""}"
2026-04-28 00:08:16,"recv: FFDA{""qr_id"":""ac""}","FFDA{""qr_id"":""ac""}"
2026-04-28 00:09:16,"recv: FFDA{""qr_id"":""ad""}","FFDA{""qr_id"":""ad""}"
2026-04-28 00:10:16,"recv: FFDA{""qr_id"":""ae""}","FFDA{""qr_id"":""ae""}"
2026-04-28 00:11:16,"recv: FFDA{""qr_id"":""af""}","FFDA{""qr_id"":""af""}"
2026-04-28 00:12:16,"recv: FFDA{""qr_id"":""b0""}","FFDA{""qr_id"":""b0""}"
2026-04-28 00:13:16,"recv: FFDA{""qr_id"":""b1""}","FFDA{""qr_id"":""b1""}"
2026-04-28 00:14:16,"recv: FFDA{""qr_id"":""b2""}","FFDA{""qr_id"":""b2""}"
2026-04-28 00:15:16,"recv: FFDA{""qr_id"":""b3""}","FFDA{""qr_id"":""b3""}"
2026-04-28 00:16:16,"recv: FFDA{""qr_id"":""b4""}","FFDA{""qr_id"":""b4""}"
2026-04-28 00:17:16,"recv: FFDA{""qr_id"":""b5""}","FFDA{""qr_id"":""b5""}"
2026-04-28 00:18:16,"recv: FFD9{""qr_id"":""b6""}","FFD9{""qr_id"":""b6""}"
2026-04-28 00:19:16,"recv: FFDA{""qr_id"":""b7""}","FFDA{""qr_id"":""b7""}"
2026-04-28 00:20:16,"recv: FFDA{""qr_id"":""b8""}","FFDA{""qr_id"":""b8""}"
2026-04-28 00:21:16,"recv: FFDA{""qr_id"":""b9""}","FFDA{""qr_id"":""b9""}"
2026-04-28 00:22:16,"recv: FFDB{""qr_id"":""ba""}","FFDB{""qr_id"":""ba""}"
2026-04-28 00:23:16,"recv: FFD9{""qr_id"":""bb""}","FFD9{""qr_id"":""bb""}"
2026-04-28 00:24:16,"recv: FFDA{""qr_id"":""bc""}","FFDA{""qr_id"":""bc""}"
2026-04-28 00:25:16,"recv: FFD9{""qr_id"":""bd""}","FFD9{""qr_id"":""bd""}"
2026-04-28 00:26:16,"recv: FFDA{""qr_id"":""be""}","FFDA{""qr_id"":""be""}"
2026-04-28 00:27:16,"recv: FFDA{""qr_id"":""bf""}","FFDA{""qr_id"":""bf""}"
2026-04-28 00:28:16,"recv: FFD9{""qr_id"":""c0""}","FFD9{""qr_id"":""c0""}"
2026-04-28 00:29:16,"recv: FFDA{""qr_id"":""c1""}","FFDA{""qr_id"":""c1""}"
2026-04-28 00:30:16,"recv: FFD9{""qr_id"":""c2""}","FFD9{""qr_id"":""c2""}"
2026-04-28 00:31:16,"recv: FFDB{""qr_id"":""c3""}","FFDB{""qr_id"":""c3""}"
2026-04-28 00:32:16,"recv: FFDA{""qr_id"":""c4""}","FFDA{""qr_id"":""c4""}"
2026-04-28 00:33:16,"recv: FFDA{""qr_id"":""c5""}","FFDA{""qr_id"":""c5""}"
2026-04-28 00:34:16,"recv: FFDA{""qr_id"":""c6""}","FFDA{""qr_id"":""c6""}"
2026-04-28 00:35:16,"recv: FFDA{""qr_id"":""c7""}","FFDA{""qr_id"":""c7""}"
2026-04-28 00:36:16,"recv: FFDA{""qr_id"":""c8""}","FFDA{""qr_id"":""c8""}"
2026-04-28 00:37:16,"recv: FFDA{""qr_id"":""c9""}","FFDA{""qr_id"":""c9""}"
2026-04-28 00:38:16,"recv: FFDA{""qr_id"":""ca""}","FFDA{""qr_id"":""ca""}"
2026-04-28 00:39:16,"recv: FFDA{""qr_id"":""cb""}","FFDA{""qr_id"":""cb""}"
2026-04-28 00:40:16,"recv: FFDA{""qr_id"":""cc""}","FFDA{""qr_id"":""cc""}"
2026-04-28 00:41:16,"recv: FFDA{""qr_id"":""cd""}","FFDA{""qr_id"":""cd""}"
2026-04-28 00:42:16,"recv: FFDA{""qr_id"":""ce""}","FFDA{""qr_id"":""ce""}"
2026-04-28 00:43:16,"recv: FFDA{""qr_id"":""cf""}","FFDA{""qr_id"":""cf""}"
2026-04-28 00:44:16,"recv: FFDA{""qr_id"":""d0""}","FFDA{""qr_id"":""d0""}"
2026-04-28 00:45:16,"recv: FFDA{""qr_id"":""d1""}","FFDA{""qr_id"":""d1""}"
2026-04-28 00:46:16,"recv: FFDA{""qr_id"":""d2""}","FFDA{""qr_id"":""d2""}"
2026-04-28 00:47:16,"recv: FFDA{""qr_id"":""d3""}","FFDA{""qr_id"":""d3""}"
2026-04-28 00:48:16,"recv: FFDA{""qr_id"":""d4""}","FFDA{""qr_id"":""d4""}"
2026-04-28 00:49:16,"recv: FFDA{""qr_id"":""d5""}","FFDA{""qr_id"":""d5""}"
2026-04-28 00:50:16,"recv: FFDB{""qr_id"":""d6""}","FFDB{""qr_id"":""d6""}"
2026-04-28 00:51:16,"recv: FFDB{""qr_id"":""d7""}","FFDB{""qr_id"":""d7""}"
2026-04-28 00:52:16,"recv: FFDA{""qr_id"":""d8""}","FFDA{""qr_id"":""d8""}"
2026-04-28 00:53:16,"recv: FFDA{""qr_id"":""d9""}","FFDA{""qr_id"":""d9""}"
2026-04-28 00:54:16,"recv: FFDA{""qr_id"":""da""}","FFDA{""qr_id"":""da""}"
2026-04-28 00:55:16,"recv: FFDA{""qr_id"":""db""}","FFDA{""qr_id"":""db""}"
2026-04-28 00:56:16,"recv: FFDA{""qr_id"":""dc""}","FFDA{""qr_id"":""dc""}"
2026-04-28 00:57:16,"recv: FFDA{""qr_id"":""dd""}","FFDA{""qr_id"":""dd""}"
2026-04-28 00:58:16,"recv: FFDA{""qr_id"":""de""}","FFDA{""qr_id"":""de""}"
2026-04-28 00:59:16,"recv: FFDB{""qr_id"":""df""}","FFDB{""qr_id"":""df""}"
2026-04-28 01:00:16,"recv: FFDA{""qr_id"":""e0""}","FFDA{""qr_id"":""e0""}"
2026-04-28 01:01:16,"recv: FFDB{""qr_id"":""e1""}","FFDB{""qr_id"":""e1""}"
2026-04-28 01:02:16,"recv: FFDA{""qr_id"":""e2""}","FFDA{""qr_id"":""e2""}"
2026-04-28 01:03:16,"recv: FFDA{""qr_id"":""e3""}","FFDA{""qr_id"":""e3""}"
2026-04-28 01:04:16,"recv: FFDA{""qr_id"":""e4""}","FFDA{""qr_id"":""e4""}"
2026-04-28 01:05:16,"recv: FFDA{""qr_id"":""e5""}","FFDA{""qr_id"":""e5""}"
2026-04-28 01:06:16,"recv: FFDA{""qr_id"":""e6""}","FFDA{""qr_id"":""e6""}"
2026-04-28 01:07:16,"recv: FFDA{""qr_id"":""e7""}","FFDA{""qr_id"":""e7""}"
2026-04-28 01:08:16,"recv: FFDA{""qr_id"":""e8""}","FFDA{""qr_id"":""e8""}"
2026-04-28 01:09:16,"recv: FFDA{""qr_id"":""e9""}","FFDA{""qr_id"":""e9""}"
2026-04-28 01:10:16,"recv: FFDB{""qr_id"":""ea""}","FFDB{""qr_id"":""ea""}"
2026-04-28 01:11:16,"recv: FFDB{""qr_id"":""eb""}","FFDB{""qr_id"":""eb""}"
2026-04-28 01:12:16,"recv: FFDA{""qr_id"":""ec""}","FFDA{""qr_id"":""ec""}"
2026-04-28 01:13:16,"recv: FFDB{""qr_id"":""ed""}","FFDB{""qr_id"":""ed""}"
2026-04-28 01:14:16,"recv: FFDA{""qr_id"":""ee""}","FFDA{""qr_id"":""ee""}"
2026-04-28 01:15:16,"recv: FFDA{""qr_id"":""ef""}","FFDA{""qr_id"":""ef""}"
2026-04-28 01:16:16,"recv: FFDB{""qr_id"":""f0""}","FFDB{""qr_id"":""f0""}"
2026-04-28 01:17:16,"recv: FFDA{""qr_id"":""f1""}","FFDA{""qr_id"":""f1""}"
2026-04-28 01:18:16,"recv: FFDA{""qr_id"":""f2""}","FFDA{""qr_id"":""f2""}"
2026-04-28 01:19:16,"recv: FFDA{""qr_id"":""f3""}","FFDA{""qr_id"":""f3""}"
2026-04-28 01:20:16,"recv: FFDB{""qr_id"":""f4""}","FFDB{""qr_id"":""f4""}"
2026-04-28 01:21:16,"recv: FFDA{""qr_id"":""f5""}","FFDA{""qr_id"":""f5""}"
2026-04-28 01:22:16,"recv: FFDA{""qr_id"":""f6""}","FFDA{""qr_id"":""f6""}"
2026-04-28 01:23:16,"recv: FFDA{""qr_id"":""f7""}","FFDA{""qr_id"":""f7""}"
2026-04-28 01:24:16,"recv: FFDA{""qr_id"":""f8""}","FFDA{""qr_id"":""f8""}"
2026-04-28 01:25:16,"recv: FFDA{""qr_id"":""f9""}","FFDA{""qr_id"":""f9""}"
2026-04-28 01:26:16,"recv: FFDA{""qr_id"":""fa""}","FFDA{""qr_id"":""fa""}"
2026-04-28 01:27:16,"recv: FFD9{""qr_id"":""fb""}","FFD9{""qr_id"":""fb""}"
2026-04-28 01:28:16,"recv: FFDB{""qr_id"":""fc""}","FFDB{""qr_id"":""fc""}"
2026-04-28 01:29:16,"recv: FFD9{""qr_id"":""fd""}","FFD9{""qr_id"":""fd""}"
2026-04-28 01:30:16,"recv: FFDB{""qr_id"":""fe""}","FFDB{""qr_id"":""fe""}"
2026-04-28 01:31:16,"recv: FFDA{""qr_id"":""ff""}","FFDA{""qr_id"":""ff""}"
2026-04-28 01:32:16,"recv: FFD9{""qr_id"":""100""}","FFD9{""qr_id"":""100""}"
2026-04-28 01:33:16,"recv: FFD9{""qr_id"":""101""}","FFD9{""qr_id"":""101""}"
2026-04-28 01:34:16,"recv: FFDA{""qr_id"":""102""}","FFDA{""qr_id"":""102""}"
2026-04-28 01:35:16,"recv: FFDA{""qr_id"":""103""}","FFDA{""qr_id"":""103""}"
2026-04-28 01:36:16,"recv: FFDA{""qr_id"":""104""}","FFDA{""qr_id"":""104""}"
2026-04-28 01:37:16,"recv: FFDB{""qr_id"":""105""}","FFDB{""qr_id"":""105""}"
2026-04-28 01:38:16,"recv: FFDA{""qr_id"":""106""}","FFDA{""qr_id"":""106""}"
2026-04-28 01:39:16,"recv: FFDA{""qr_id"":""107""}","FFDA{""qr_id"":""107""}"
2026-04-28 01:40:16,"recv: FFDA{""qr_id"":""108""}","FFDA{""qr_id"":""108""}"
2026-04-28 01:41:16,"recv: FFDA{""qr_id"":""109""}","FFDA{""qr_id"":""109""}"
2026-04-28 01:42:18,"recv: FFD9{""qr_id"":""10a""}","FFD9{""qr_id"":""10a""}"
2026-04-28 01:43:16,"recv: FFD9{""qr_id"":""10b""}","FFD9{""qr_id"":""10b""}"
2026-04-28 01:44:16,"recv: FFD9{""qr_id"":""10c""}","FFD9{""qr_id"":""10c""}"
2026-04-28 01:45:16,"recv: FFDA{""qr_id"":""10d""}","FFDA{""qr_id"":""10d""}"
2026-04-28 01:46:16,"recv: FFDA{""qr_id"":""10e""}","FFDA{""qr_id"":""10e""}"
2026-04-28 01:47:16,"recv: FFDA{""qr_id"":""10f""}","FFDA{""qr_id"":""10f""}"
2026-04-28 01:48:16,"recv: FFDA{""qr_id"":""110""}","FFDA{""qr_id"":""110""}"
2026-04-28 01:49:18,"recv: FFDA{""qr_id"":""111""}","FFDA{""qr_id"":""111""}"
2026-04-28 01:50:16,"recv: FFDA{""qr_id"":""112""}","FFDA{""qr_id"":""112""}"
2026-04-28 01:51:16,"recv: FFDB{""qr_id"":""113""}","FFDB{""qr_id"":""113""}"
2026-04-28 01:52:16,"recv: FFDA{""qr_id"":""114""}","FFDA{""qr_id"":""114""}"
2026-04-28 01:53:16,"recv: FFD9{""qr_id"":""115""}","FFD9{""qr_id"":""115""}"
2026-04-28 01:54:16,"recv: FFDA{""qr_id"":""116""}","FFDA{""qr_id"":""116""}"
2026-04-28 01:55:16,"recv: FFDA{""qr_id"":""117""}","FFDA{""qr_id"":""117""}"
2026-04-28 01:56:16,"recv: FFDA{""qr_id"":""118""}","FFDA{""qr_id"":""118""}"
2026-04-28 01:57:16,"recv: FFDA{""qr_id"":""119""}","FFDA{""qr_id"":""119""}"
2026-04-28 01:58:16,"recv: FFDA{""qr_id"":""11a""}","FFDA{""qr_id"":""11a""}"
2026-04-28 01:59:16,"recv: FFDA{""qr_id"":""11b""}","FFDA{""qr_id"":""11b""}"
2026-04-28 02:00:16,"recv: FFDA{""qr_id"":""11c""}","FFDA{""qr_id"":""11c""}"
2026-04-28 02:01:16,"recv: FFDB{""qr_id"":""11d""}","FFDB{""qr_id"":""11d""}"
2026-04-28 02:02:16,"recv: FFDB{""qr_id"":""11e""}","FFDB{""qr_id"":""11e""}"
2026-04-28 02:03:16,"recv: FFDA{""qr_id"":""11f""}","FFDA{""qr_id"":""11f""}"
2026-04-28 02:04:16,"recv: FFDB{""qr_id"":""120""}","FFDB{""qr_id"":""120""}"
2026-04-28 02:05:16,"recv: FFDA{""qr_id"":""121""}","FFDA{""qr_id"":""121""}"
2026-04-28 02:06:16,"recv: FFDB{""qr_id"":""122""}","FFDB{""qr_id"":""122""}"
2026-04-28 02:07:16,"recv: FFDA{""qr_id"":""123""}","FFDA{""qr_id"":""123""}"
2026-04-28 02:08:16,"recv: FFDB{""qr_id"":""124""}","FFDB{""qr_id"":""124""}"
2026-04-28 02:09:16,"recv: FFDB{""qr_id"":""125""}","FFDB{""qr_id"":""125""}"
2026-04-28 02:10:16,"recv: FFDA{""qr_id"":""126""}","FFDA{""qr_id"":""126""}"
2026-04-28 02:11:16,"recv: FFDA{""qr_id"":""127""}","FFDA{""qr_id"":""127""}"
2026-04-28 02:12:16,"recv: FFDB{""qr_id"":""128""}","FFDB{""qr_id"":""128""}"
2026-04-28 02:13:16,"recv: FFDA{""qr_id"":""129""}","FFDA{""qr_id"":""129""}"
2026-04-28 02:14:16,"recv: FFDB{""qr_id"":""12a""}","FFDB{""qr_id"":""12a""}"
2026-04-28 02:15:16,"recv: FFDA{""qr_id"":""12b""}","FFDA{""qr_id"":""12b""}"
2026-04-28 02:16:16,"recv: FFDA{""qr_id"":""12c""}","FFDA{""qr_id"":""12c""}"
2026-04-28 02:17:16,"recv: FFDB{""qr_id"":""12d""}","FFDB{""qr_id"":""12d""}"
2026-04-28 02:18:16,"recv: FFDA{""qr_id"":""12e""}","FFDA{""qr_id"":""12e""}"
2026-04-28 02:19:16,"recv: FFDB{""qr_id"":""12f""}","FFDB{""qr_id"":""12f""}"
2026-04-28 02:20:16,"recv: FFDA{""qr_id"":""130""}","FFDA{""qr_id"":""130""}"
2026-04-28 02:21:16,"recv: FFDA{""qr_id"":""131""}","FFDA{""qr_id"":""131""}"
2026-04-28 02:22:16,"recv: FFDB{""qr_id"":""132""}","FFDB{""qr_id"":""132""}"
2026-04-28 02:23:16,"recv: FFDB{""qr_id"":""133""}","FFDB{""qr_id"":""133""}"
2026-04-28 02:24:16,"recv: FFDA{""qr_id"":""134""}","FFDA{""qr_id"":""134""}"
2026-04-28 02:25:16,"recv: FFDA{""qr_id"":""135""}","FFDA{""qr_id"":""135""}"
2026-04-28 02:26:16,"recv: FFDA{""qr_id"":""136""}","FFDA{""qr_id"":""136""}"
2026-04-28 02:27:16,"recv: FFDA{""qr_id"":""137""}","FFDA{""qr_id"":""137""}"
2026-04-28 02:28:16,"recv: FFDB{""qr_id"":""138""}","FFDB{""qr_id"":""138""}"
2026-04-28 02:29:16,"recv: FFDB{""qr_id"":""139""}","FFDB{""qr_id"":""139""}"
2026-04-28 02:30:16,"recv: FFDA{""qr_id"":""13a""}","FFDA{""qr_id"":""13a""}"
2026-04-28 02:31:16,"recv: FFDA{""qr_id"":""13b""}","FFDA{""qr_id"":""13b""}"
2026-04-28 02:32:16,"recv: FFDA{""qr_id"":""13c""}","FFDA{""qr_id"":""13c""}"
2026-04-28 02:33:16,"recv: FFDB{""qr_id"":""13d""}","FFDB{""qr_id"":""13d""}"
2026-04-28 02:34:16,"recv: FFDB{""qr_id"":""13e""}","FFDB{""qr_id"":""13e""}"
2026-04-28 02:35:16,"recv: FFDB{""qr_id"":""13f""}","FFDB{""qr_id"":""13f""}"
2026-04-28 02:36:16,"recv: FFDA{""qr_id"":""140""}","FFDA{""qr_id"":""140""}"
2026-04-28 02:37:16,"recv: FFDA{""qr_id"":""141""}","FFDA{""qr_id"":""141""}"
2026-04-28 02:38:16,"recv: FFDA{""qr_id"":""142""}","FFDA{""qr_id"":""142""}"
2026-04-28 02:39:16,"recv: FFD9{""qr_id"":""143""}","FFD9{""qr_id"":""143""}"
2026-04-28 02:40:16,"recv: FFD9{""qr_id"":""144""}","FFD9{""qr_id"":""144""}"
2026-04-28 02:41:16,"recv: FFDA{""qr_id"":""145""}","FFDA{""qr_id"":""145""}"
2026-04-28 02:42:16,"recv: FFD9{""qr_id"":""146""}","FFD9{""qr_id"":""146""}"
2026-04-28 02:43:16,"recv: FFDA{""qr_id"":""147""}","FFDA{""qr_id"":""147""}"
2026-04-28 02:44:16,"recv: FFDA{""qr_id"":""148""}","FFDA{""qr_id"":""148""}"
2026-04-28 02:45:16,"recv: FFDA{""qr_id"":""149""}","FFDA{""qr_id"":""149""}"
2026-04-28 02:46:16,"recv: FFDA{""qr_id"":""14a""}","FFDA{""qr_id"":""14a""}"
2026-04-28 02:47:16,"recv: FFD9{""qr_id"":""14b""}","FFD9{""qr_id"":""14b""}"
2026-04-28 02:48:16,"recv: FFD9{""qr_id"":""14c""}","FFD9{""qr_id"":""14c""}"
2026-04-28 02:49:16,"recv: FFD9{""qr_id"":""14d""}","FFD9{""qr_id"":""14d""}"
2026-04-28 02:50:16,"recv: FFD9{""qr_id"":""14e""}","FFD9{""qr_id"":""14e""}"
2026-04-28 02:51:16,"recv: FFD9{""qr_id"":""14f""}","FFD9{""qr_id"":""14f""}"
2026-04-28 02:52:18,"recv: FFDA{""qr_id"":""150""}","FFDA{""qr_id"":""150""}"
2026-04-28 02:53:16,"recv: FFDA{""qr_id"":""151""}","FFDA{""qr_id"":""151""}"
2026-04-28 02:54:16,"recv: FFD9{""qr_id"":""152""}","FFD9{""qr_id"":""152""}"
2026-04-28 02:55:16,"recv: FFD9{""qr_id"":""153""}","FFD9{""qr_id"":""153""}"
2026-04-28 02:56:16,"recv: FFD9{""qr_id"":""154""}","FFD9{""qr_id"":""154""}"
2026-04-28 02:57:16,"recv: FFD9{""qr_id"":""155""}","FFD9{""qr_id"":""155""}"
2026-04-28 02:58:16,"recv: FFDA{""qr_id"":""156""}","FFDA{""qr_id"":""156""}"
2026-04-28 02:59:16,"recv: FFD9{""qr_id"":""157""}","FFD9{""qr_id"":""157""}"
2026-04-28 03:00:16,"recv: FFDA{""qr_id"":""158""}","FFDA{""qr_id"":""158""}"
2026-04-28 03:01:18,"recv: FFDA{""qr_id"":""159""}","FFDA{""qr_id"":""159""}"
2026-04-28 03:02:16,"recv: FFD9{""qr_id"":""15a""}","FFD9{""qr_id"":""15a""}"
2026-04-28 03:03:16,"recv: FFD9{""qr_id"":""15b""}","FFD9{""qr_id"":""15b""}"
2026-04-28 03:04:16,"recv: FFDA{""qr_id"":""15c""}","FFDA{""qr_id"":""15c""}"
2026-04-28 03:05:16,"recv: FFDA{""qr_id"":""15d""}","FFDA{""qr_id"":""15d""}"
2026-04-28 03:06:16,"recv: FFD9{""qr_id"":""15e""}","FFD9{""qr_id"":""15e""}"
2026-04-28 03:07:16,"recv: FFD9{""qr_id"":""15f""}","FFD9{""qr_id"":""15f""}"
2026-04-28 03:08:16,"recv: FFDA{""qr_id"":""160""}","FFDA{""qr_id"":""160""}"
2026-04-28 03:09:16,"recv: FFD9{""qr_id"":""161""}","FFD9{""qr_id"":""161""}"
2026-04-28 03:10:16,"recv: FFDA{""qr_id"":""162""}","FFDA{""qr_id"":""162""}"
2026-04-28 03:11:18,"recv: FFDA{""qr_id"":""163""}","FFDA{""qr_id"":""163""}"
2026-04-28 03:12:16,"recv: FFDA{""qr_id"":""164""}","FFDA{""qr_id"":""164""}"
2026-04-28 03:13:16,"recv: FFD9{""qr_id"":""165""}","FFD9{""qr_id"":""165""}"
2026-04-28 03:14:16,"recv: FFD9{""qr_id"":""166""}","FFD9{""qr_id"":""166""}"
2026-04-28 03:15:16,"recv: FFDA{""qr_id"":""167""}","FFDA{""qr_id"":""167""}"
2026-04-28 03:16:16,"recv: FFDA{""qr_id"":""168""}","FFDA{""qr_id"":""168""}"
2026-04-28 03:17:16,"recv: FFD9{""qr_id"":""169""}","FFD9{""qr_id"":""169""}"
2026-04-28 03:18:16,"recv: FFDA{""qr_id"":""16a""}","FFDA{""qr_id"":""16a""}"
2026-04-28 03:19:16,"recv: FFDA{""qr_id"":""16b""}","FFDA{""qr_id"":""16b""}"
2026-04-28 03:20:16,"recv: FFD9{""qr_id"":""16c""}","FFD9{""qr_id"":""16c""}"
2026-04-28 03:21:16,"recv: FFD9{""qr_id"":""16d""}","FFD9{""qr_id"":""16d""}"
2026-04-28 03:22:16,"recv: FFDA{""qr_id"":""16e""}","FFDA{""qr_id"":""16e""}"
2026-04-28 03:23:16,"recv: FFD9{""qr_id"":""16f""}","FFD9{""qr_id"":""16f""}"
2026-04-28 03:24:16,"recv: FFDA{""qr_id"":""170""}","FFDA{""qr_id"":""170""}"
2026-04-28 03:25:16,"recv: FFD9{""qr_id"":""171""}","FFD9{""qr_id"":""171""}"
2026-04-28 03:26:18,"recv: FFDA{""qr_id"":""172""}","FFDA{""qr_id"":""172""}"
2026-04-28 03:27:16,"recv: FFDA{""qr_id"":""173""}","FFDA{""qr_id"":""173""}"
2026-04-28 03:28:16,"recv: FFDA{""qr_id"":""174""}","FFDA{""qr_id"":""174""}"
2026-04-28 03:29:16,"recv: FFDA{""qr_id"":""175""}","FFDA{""qr_id"":""175""}"
2026-04-28 03:30:16,"recv: FFD9{""qr_id"":""176""}","FFD9{""qr_id"":""176""}"
2026-04-28 03:31:18,"recv: FFD9{""qr_id"":""177""}","FFD9{""qr_id"":""177""}"
2026-04-28 03:32:16,"recv: FFD9{""qr_id"":""178""}","FFD9{""qr_id"":""178""}"
2026-04-28 03:33:16,"recv: FFD9{""qr_id"":""179""}","FFD9{""qr_id"":""179""}"
2026-04-28 03:34:18,"recv: FFD9{""qr_id"":""17a""}","FFD9{""qr_id"":""17a""}"
2026-04-28 03:35:16,"recv: FFDA{""qr_id"":""17b""}","FFDA{""qr_id"":""17b""}"
2026-04-28 03:36:16,"recv: FFD9{""qr_id"":""17c""}","FFD9{""qr_id"":""17c""}"
2026-04-28 03:37:16,"recv: FFD9{""qr_id"":""17d""}","FFD9{""qr_id"":""17d""}"
2026-04-28 03:38:18,"recv: FFD9{""qr_id"":""17e""}","FFD9{""qr_id"":""17e""}"
2026-04-28 03:39:16,"recv: FFDA{""qr_id"":""17f""}","FFDA{""qr_id"":""17f""}"
2026-04-28 03:40:16,"recv: FFDA{""qr_id"":""180""}","FFDA{""qr_id"":""180""}"
2026-04-28 03:41:18,"recv: FFDA{""qr_id"":""181""}","FFDA{""qr_id"":""181""}"
2026-04-28 03:42:16,"recv: FFD9{""qr_id"":""182""}","FFD9{""qr_id"":""182""}"
2026-04-28 03:43:18,"recv: FFDA{""qr_id"":""183""}","FFDA{""qr_id"":""183""}"
2026-04-28 03:44:16,"recv: FFDA{""qr_id"":""184""}","FFDA{""qr_id"":""184""}"
2026-04-28 03:45:16,"recv: FFD9{""qr_id"":""185""}","FFD9{""qr_id"":""185""}"
2026-04-28 03:46:16,"recv: FFD9{""qr_id"":""186""}","FFD9{""qr_id"":""186""}"
2026-04-28 03:47:16,"recv: FFD9{""qr_id"":""187""}","FFD9{""qr_id"":""187""}"
2026-04-28 03:48:16,"recv: FFD9{""qr_id"":""188""}","FFD9{""qr_id"":""188""}"
2026-04-28 03:49:18,"recv: FFD9{""qr_id"":""189""}","FFD9{""qr_id"":""189""}"
2026-04-28 03:50:16,"recv: FFDA{""qr_id"":""18a""}","FFDA{""qr_id"":""18a""}"
2026-04-28 03:51:16,"recv: FFDA{""qr_id"":""18b""}","FFDA{""qr_id"":""18b""}"
2026-04-28 03:52:18,"recv: FFDA{""qr_id"":""18c""}","FFDA{""qr_id"":""18c""}"
2026-04-28 03:53:16,"recv: FFD9{""qr_id"":""18d""}","FFD9{""qr_id"":""18d""}"
2026-04-28 03:54:16,"recv: FFDA{""qr_id"":""18e""}","FFDA{""qr_id"":""18e""}"
2026-04-28 03:55:16,"recv: FFD9{""qr_id"":""18f""}","FFD9{""qr_id"":""18f""}"
2026-04-28 03:56:18,"recv: FFDA{""qr_id"":""190""}","FFDA{""qr_id"":""190""}"
2026-04-28 03:57:16,"recv: FFDA{""qr_id"":""191""}","FFDA{""qr_id"":""191""}"
2026-04-28 03:58:16,"recv: FFD9{""qr_id"":""192""}","FFD9{""qr_id"":""192""}"
2026-04-28 03:59:18,"recv: FFD9{""qr_id"":""193""}","FFD9{""qr_id"":""193""}"
2026-04-28 04:00:16,"recv: FFD9{""qr_id"":""194""}","FFD9{""qr_id"":""194""}"
2026-04-28 04:01:18,"recv: FFDA{""qr_id"":""195""}","FFDA{""qr_id"":""195""}"
2026-04-28 04:02:16,"recv: FFDA{""qr_id"":""196""}","FFDA{""qr_id"":""196""}"
2026-04-28 04:03:16,"recv: FFD9{""qr_id"":""197""}","FFD9{""qr_id"":""197""}"
2026-04-28 04:04:18,"recv: FFDA{""qr_id"":""198""}","FFDA{""qr_id"":""198""}"
2026-04-28 04:05:16,"recv: FFDA{""qr_id"":""199""}","FFDA{""qr_id"":""199""}"
2026-04-28 04:06:16,"recv: FFD9{""qr_id"":""19a""}","FFD9{""qr_id"":""19a""}"
2026-04-28 04:07:18,"recv: FFD9{""qr_id"":""19b""}","FFD9{""qr_id"":""19b""}"
2026-04-28 04:08:16,"recv: FFDA{""qr_id"":""19c""}","FFDA{""qr_id"":""19c""}"
2026-04-28 04:09:16,"recv: FFD9{""qr_id"":""19d""}","FFD9{""qr_id"":""19d""}"
2026-04-28 04:10:16,"recv: FFD9{""qr_id"":""19e""}","FFD9{""qr_id"":""19e""}"
2026-04-28 04:11:16,"recv: FFD9{""qr_id"":""19f""}","FFD9{""qr_id"":""19f""}"
2026-04-28 04:12:16,"recv: FFDA{""qr_id"":""1a0""}","FFDA{""qr_id"":""1a0""}"
2026-04-28 04:13:16,"recv: FFD9{""qr_id"":""1a1""}","FFD9{""qr_id"":""1a1""}"
2026-04-28 04:14:16,"recv: FFD9{""qr_id"":""1a2""}","FFD9{""qr_id"":""1a2""}"
2026-04-28 04:15:16,"recv: FFD9{""qr_id"":""1a3""}","FFD9{""qr_id"":""1a3""}"
2026-04-28 04:16:16,"recv: FFDA{""qr_id"":""1a4""}","FFDA{""qr_id"":""1a4""}"
2026-04-28 04:17:16,"recv: FFDA{""qr_id"":""1a5""}","FFDA{""qr_id"":""1a5""}"
2026-04-28 04:18:18,"recv: FFD9{""qr_id"":""1a6""}","FFD9{""qr_id"":""1a6""}"
2026-04-28 04:19:16,"recv: FFD9{""qr_id"":""1a7""}","FFD9{""qr_id"":""1a7""}"
2026-04-28 04:20:16,"recv: FFD9{""qr_id"":""1a8""}","FFD9{""qr_id"":""1a8""}"
2026-04-28 04:21:16,"recv: FFD9{""qr_id"":""1a9""}","FFD9{""qr_id"":""1a9""}"
2026-04-28 04:22:16,"recv: FFD9{""qr_id"":""1aa""}","FFD9{""qr_id"":""1aa""}"
2026-04-28 04:23:18,"recv: FFD9{""qr_id"":""1ab""}","FFD9{""qr_id"":""1ab""}"
2026-04-28 04:24:16,"recv: FFD9{""qr_id"":""1ac""}","FFD9{""qr_id"":""1ac""}"
2026-04-28 04:25:16,"recv: FFD9{""qr_id"":""1ad""}","FFD9{""qr_id"":""1ad""}"
2026-04-28 04:26:16,"recv: FFDA{""qr_id"":""1ae""}","FFDA{""qr_id"":""1ae""}"
2026-04-28 04:27:19,"recv: FFD9{""qr_id"":""1af""}","FFD9{""qr_id"":""1af""}"
2026-04-28 04:28:16,"recv: FFD9{""qr_id"":""1b0""}","FFD9{""qr_id"":""1b0""}"
2026-04-28 04:29:19,"recv: FFDA{""qr_id"":""1b1""}","FFDA{""qr_id"":""1b1""}"
2026-04-28 04:30:16,"recv: FFDA{""qr_id"":""1b2""}","FFDA{""qr_id"":""1b2""}"
2026-04-28 04:31:16,"recv: FFDA{""qr_id"":""1b3""}","FFDA{""qr_id"":""1b3""}"
2026-04-28 04:32:16,"recv: FFDA{""qr_id"":""1b4""}","FFDA{""qr_id"":""1b4""}"
2026-04-28 04:33:16,"recv: FFD9{""qr_id"":""1b5""}","FFD9{""qr_id"":""1b5""}"
2026-04-28 04:34:16,"recv: FFD9{""qr_id"":""1b6""}","FFD9{""qr_id"":""1b6""}"
2026-04-28 04:35:19,"recv: FFDA{""qr_id"":""1b7""}","FFDA{""qr_id"":""1b7""}"
2026-04-28 04:36:16,"recv: FFDA{""qr_id"":""1b8""}","FFDA{""qr_id"":""1b8""}"
2026-04-28 04:37:16,"recv: FFDA{""qr_id"":""1b9""}","FFDA{""qr_id"":""1b9""}"
2026-04-28 04:38:16,"recv: FFD9{""qr_id"":""1ba""}","FFD9{""qr_id"":""1ba""}"
2026-04-28 04:39:16,"recv: FFDA{""qr_id"":""1bb""}","FFDA{""qr_id"":""1bb""}"
2026-04-28 04:40:19,"recv: FFDA{""qr_id"":""1bc""}","FFDA{""qr_id"":""1bc""}"
2026-04-28 04:41:16,"recv: FFD9{""qr_id"":""1bd""}","FFD9{""qr_id"":""1bd""}"
2026-04-28 04:42:16,"recv: FFD9{""qr_id"":""1be""}","FFD9{""qr_id"":""1be""}"
2026-04-28 04:43:16,"recv: FFD9{""qr_id"":""1bf""}","FFD9{""qr_id"":""1bf""}"
2026-04-28 04:44:19,"recv: FFD9{""qr_id"":""1c0""}","FFD9{""qr_id"":""1c0""}"
2026-04-28 04:45:16,"recv: FFD9{""qr_id"":""1c1""}","FFD9{""qr_id"":""1c1""}"
2026-04-28 04:46:16,"recv: FFDA{""qr_id"":""1c2""}","FFDA{""qr_id"":""1c2""}"
2026-04-28 04:47:19,"recv: FFDA{""qr_id"":""1c3""}","FFDA{""qr_id"":""1c3""}"
2026-04-28 04:48:16,"recv: FFD9{""qr_id"":""1c4""}","FFD9{""qr_id"":""1c4""}"
2026-04-28 04:49:16,"recv: FFD9{""qr_id"":""1c5""}","FFD9{""qr_id"":""1c5""}"
2026-04-28 04:50:16,"recv: FFD9{""qr_id"":""1c6""}","FFD9{""qr_id"":""1c6""}"
2026-04-28 04:51:16,"recv: FFDA{""qr_id"":""1c7""}","FFDA{""qr_id"":""1c7""}"
2026-04-28 04:52:16,"recv: FFDA{""qr_id"":""1c8""}","FFDA{""qr_id"":""1c8""}"
2026-04-28 04:53:19,"recv: FFD9{""qr_id"":""1c9""}","FFD9{""qr_id"":""1c9""}"
2026-04-28 04:54:16,"recv: FFDA{""qr_id"":""1ca""}","FFDA{""qr_id"":""1ca""}"
2026-04-28 04:55:19,"recv: FFDA{""qr_id"":""1cb""}","FFDA{""qr_id"":""1cb""}"
2026-04-28 04:56:16,"recv: FFD9{""qr_id"":""1cc""}","FFD9{""qr_id"":""1cc""}"
2026-04-28 04:57:16,"recv: FFD9{""qr_id"":""1cd""}","FFD9{""qr_id"":""1cd""}"
2026-04-28 04:58:19,"recv: FFD9{""qr_id"":""1ce""}","FFD9{""qr_id"":""1ce""}"
2026-04-28 04:59:16,"recv: FFD9{""qr_id"":""1cf""}","FFD9{""qr_id"":""1cf""}"
2026-04-28 05:00:19,"recv: FFDA{""qr_id"":""1d0""}","FFDA{""qr_id"":""1d0""}"
2026-04-28 05:01:16,"recv: FFDA{""qr_id"":""1d1""}","FFDA{""qr_id"":""1d1""}"
2026-04-28 05:02:19,"recv: FFD9{""qr_id"":""1d2""}","FFD9{""qr_id"":""1d2""}"
2026-04-28 05:03:16,"recv: FFDA{""qr_id"":""1d3""}","FFDA{""qr_id"":""1d3""}"
2026-04-28 05:04:16,"recv: FFDA{""qr_id"":""1d4""}","FFDA{""qr_id"":""1d4""}"
2026-04-28 05:05:19,"recv: FFDA{""qr_id"":""1d5""}","FFDA{""qr_id"":""1d5""}"
2026-04-28 05:06:16,"recv: FFDA{""qr_id"":""1d6""}","FFDA{""qr_id"":""1d6""}"
2026-04-28 05:07:16,"recv: FFD9{""qr_id"":""1d7""}","FFD9{""qr_id"":""1d7""}"
2026-04-28 05:08:16,"recv: FFD9{""qr_id"":""1d8""}","FFD9{""qr_id"":""1d8""}"
2026-04-28 05:09:16,"recv: FFDA{""qr_id"":""1d9""}","FFDA{""qr_id"":""1d9""}"
2026-04-28 05:10:19,"recv: FFD9{""qr_id"":""1da""}","FFD9{""qr_id"":""1da""}"
2026-04-28 05:11:16,"recv: FFDA{""qr_id"":""1db""}","FFDA{""qr_id"":""1db""}"
2026-04-28 05:12:19,"recv: FFDA{""qr_id"":""1dc""}","FFDA{""qr_id"":""1dc""}"
2026-04-28 05:13:16,"recv: FFD9{""qr_id"":""1dd""}","FFD9{""qr_id"":""1dd""}"
2026-04-28 05:14:16,"recv: FFDA{""qr_id"":""1de""}","FFDA{""qr_id"":""1de""}"
2026-04-28 05:15:16,"recv: FFDA{""qr_id"":""1df""}","FFDA{""qr_id"":""1df""}"
2026-04-28 05:16:19,"recv: FFDA{""qr_id"":""1e0""}","FFDA{""qr_id"":""1e0""}"
2026-04-28 05:17:16,"recv: FFD9{""qr_id"":""1e1""}","FFD9{""qr_id"":""1e1""}"
2026-04-28 05:18:19,"recv: FFD9{""qr_id"":""1e2""}","FFD9{""qr_id"":""1e2""}"
2026-04-28 05:19:16,"recv: FFD9{""qr_id"":""1e3""}","FFD9{""qr_id"":""1e3""}"
2026-04-28 05:20:16,"recv: FFDA{""qr_id"":""1e4""}","FFDA{""qr_id"":""1e4""}"
2026-04-28 05:21:16,"recv: FFDA{""qr_id"":""1e5""}","FFDA{""qr_id"":""1e5""}"
2026-04-28 05:22:16,"recv: FFDA{""qr_id"":""1e6""}","FFDA{""qr_id"":""1e6""}"
2026-04-28 05:23:16,"recv: FFD9{""qr_id"":""1e7""}","FFD9{""qr_id"":""1e7""}"
2026-04-28 05:24:16,"recv: FFD9{""qr_id"":""1e8""}","FFD9{""qr_id"":""1e8""}"
2026-04-28 05:25:19,"recv: FFD9{""qr_id"":""1e9""}","FFD9{""qr_id"":""1e9""}"
2026-04-28 05:26:16,"recv: FFDA{""qr_id"":""1ea""}","FFDA{""qr_id"":""1ea""}"
2026-04-28 05:27:16,"recv: FFDA{""qr_id"":""1eb""}","FFDA{""qr_id"":""1eb""}"
2026-04-28 05:28:16,"recv: FFD9{""qr_id"":""1ec""}","FFD9{""qr_id"":""1ec""}"
2026-04-28 05:29:16,"recv: FFDA{""qr_id"":""1ed""}","FFDA{""qr_id"":""1ed""}"
2026-04-28 05:30:19,"recv: FFDA{""qr_id"":""1ee""}","FFDA{""qr_id"":""1ee""}"
2026-04-28 05:31:16,"recv: FFDA{""qr_id"":""1ef""}","FFDA{""qr_id"":""1ef""}"
2026-04-28 05:32:16,"recv: FFD9{""qr_id"":""1f0""}","FFD9{""qr_id"":""1f0""}"
2026-04-28 05:33:16,"recv: FFDA{""qr_id"":""1f1""}","FFDA{""qr_id"":""1f1""}"
2026-04-28 05:34:19,"recv: FFD9{""qr_id"":""1f2""}","FFD9{""qr_id"":""1f2""}"
2026-04-28 05:35:16,"recv: FFDA{""qr_id"":""1f3""}","FFDA{""qr_id"":""1f3""}"
2026-04-28 05:36:16,"recv: FFD9{""qr_id"":""1f4""}","FFD9{""qr_id"":""1f4""}"
2026-04-28 05:37:16,"recv: FFDA{""qr_id"":""1f5""}","FFDA{""qr_id"":""1f5""}"
2026-04-28 05:38:19,"recv: FFDA{""qr_id"":""1f6""}","FFDA{""qr_id"":""1f6""}"
2026-04-28 05:39:16,"recv: FFD9{""qr_id"":""1f7""}","FFD9{""qr_id"":""1f7""}"
2026-04-28 05:40:16,"recv: FFDA{""qr_id"":""1f8""}","FFDA{""qr_id"":""1f8""}"
2026-04-28 05:41:16,"recv: FFDA{""qr_id"":""1f9""}","FFDA{""qr_id"":""1f9""}"
2026-04-28 05:42:19,"recv: FFD9{""qr_id"":""1fa""}","FFD9{""qr_id"":""1fa""}"
2026-04-28 05:43:16,"recv: FFDA{""qr_id"":""1fb""}","FFDA{""qr_id"":""1fb""}"
2026-04-28 05:44:16,"recv: FFDA{""qr_id"":""1fc""}","FFDA{""qr_id"":""1fc""}"
2026-04-28 05:45:16,"recv: FFD9{""qr_id"":""1fd""}","FFD9{""qr_id"":""1fd""}"
2026-04-28 05:46:16,"recv: FFD9{""qr_id"":""1fe""}","FFD9{""qr_id"":""1fe""}"
2026-04-28 05:47:16,"recv: FFDA{""qr_id"":""1ff""}","FFDA{""qr_id"":""1ff""}"
2026-04-28 05:48:16,"recv: FFDA{""qr_id"":""200""}","FFDA{""qr_id"":""200""}"
2026-04-28 05:49:19,"recv: FFDB{""qr_id"":""201""}","FFDB{""qr_id"":""201""}"
2026-04-28 05:50:16,"recv: FFD9{""qr_id"":""202""}","FFD9{""qr_id"":""202""}"
2026-04-28 05:51:19,"recv: FFDA{""qr_id"":""203""}","FFDA{""qr_id"":""203""}"
2026-04-28 05:52:16,"recv: FFD9{""qr_id"":""204""}","FFD9{""qr_id"":""204""}"
2026-04-28 05:53:16,"recv: FFD9{""qr_id"":""205""}","FFD9{""qr_id"":""205""}"
2026-04-28 05:54:16,"recv: FFDA{""qr_id"":""206""}","FFDA{""qr_id"":""206""}"
2026-04-28 05:55:19,"recv: FFDA{""qr_id"":""207""}","FFDA{""qr_id"":""207""}"
2026-04-28 05:56:16,"recv: FFDA{""qr_id"":""208""}","FFDA{""qr_id"":""208""}"
2026-04-28 05:57:16,"recv: FFDA{""qr_id"":""209""}","FFDA{""qr_id"":""209""}"
2026-04-28 05:58:16,"recv: FFDA{""qr_id"":""20a""}","FFDA{""qr_id"":""20a""}"
2026-04-28 05:59:19,"recv: FFD9{""qr_id"":""20b""}","FFD9{""qr_id"":""20b""}"
2026-04-28 06:00:16,"recv: FFDA{""qr_id"":""20c""}","FFDA{""qr_id"":""20c""}"
2026-04-28 06:01:16,"recv: FFDA{""qr_id"":""20d""}","FFDA{""qr_id"":""20d""}"
2026-04-28 06:02:16,"recv: FFDA{""qr_id"":""20e""}","FFDA{""qr_id"":""20e""}"
2026-04-28 06:03:19,"recv: FFDA{""qr_id"":""20f""}","FFDA{""qr_id"":""20f""}"
2026-04-28 06:04:16,"recv: FFD9{""qr_id"":""210""}","FFD9{""qr_id"":""210""}"
2026-04-28 06:05:19,"recv: FFDA{""qr_id"":""211""}","FFDA{""qr_id"":""211""}"
2026-04-28 06:06:16,"recv: FFD9{""qr_id"":""212""}","FFD9{""qr_id"":""212""}"
2026-04-28 06:07:19,"recv: FFDA{""qr_id"":""213""}","FFDA{""qr_id"":""213""}"
2026-04-28 06:08:16,"recv: FFDA{""qr_id"":""214""}","FFDA{""qr_id"":""214""}"
2026-04-28 06:09:16,"recv: FFD9{""qr_id"":""215""}","FFD9{""qr_id"":""215""}"
2026-04-28 06:10:16,"recv: FFD9{""qr_id"":""216""}","FFD9{""qr_id"":""216""}"
2026-04-28 06:11:19,"recv: FFDA{""qr_id"":""217""}","FFDA{""qr_id"":""217""}"
2026-04-28 06:12:16,"recv: FFD9{""qr_id"":""218""}","FFD9{""qr_id"":""218""}"
2026-04-28 06:13:19,"recv: FFDA{""qr_id"":""219""}","FFDA{""qr_id"":""219""}"
2026-04-28 06:14:16,"recv: FFD9{""qr_id"":""21a""}","FFD9{""qr_id"":""21a""}"
2026-04-28 06:15:19,"recv: FFDA{""qr_id"":""21b""}","FFDA{""qr_id"":""21b""}"
2026-04-28 06:16:16,"recv: FFDA{""qr_id"":""21c""}","FFDA{""qr_id"":""21c""}"
2026-04-28 06:17:16,"recv: FFDA{""qr_id"":""21d""}","FFDA{""qr_id"":""21d""}"
2026-04-28 06:18:16,"recv: FFDA{""qr_id"":""21e""}","FFDA{""qr_id"":""21e""}"
2026-04-28 06:19:19,"recv: FFD9{""qr_id"":""21f""}","FFD9{""qr_id"":""21f""}"
2026-04-28 06:20:16,"recv: FFDA{""qr_id"":""220""}","FFDA{""qr_id"":""220""}"
2026-04-28 06:21:16,"recv: FFDA{""qr_id"":""221""}","FFDA{""qr_id"":""221""}"
2026-04-28 06:22:19,"recv: FFDA{""qr_id"":""222""}","FFDA{""qr_id"":""222""}"
2026-04-28 06:23:16,"recv: FFDA{""qr_id"":""223""}","FFDA{""qr_id"":""223""}"
2026-04-28 06:24:16,"recv: FFD9{""qr_id"":""224""}","FFD9{""qr_id"":""224""}"
2026-04-28 06:25:16,"recv: FFD9{""qr_id"":""225""}","FFD9{""qr_id"":""225""}"
2026-04-28 06:26:16,"recv: FFDA{""qr_id"":""226""}","FFDA{""qr_id"":""226""}"
2026-04-28 06:27:16,"recv: FFD9{""qr_id"":""227""}","FFD9{""qr_id"":""227""}"
2026-04-28 06:28:16,"recv: FFDA{""qr_id"":""228""}","FFDA{""qr_id"":""228""}"
2026-04-28 06:29:16,"recv: FFDA{""qr_id"":""229""}","FFDA{""qr_id"":""229""}"
2026-04-28 06:30:16,"recv: FFDA{""qr_id"":""22a""}","FFDA{""qr_id"":""22a""}"
2026-04-28 06:31:16,"recv: FFD9{""qr_id"":""22b""}","FFD9{""qr_id"":""22b""}"
2026-04-28 06:32:19,"recv: FFDA{""qr_id"":""22c""}","FFDA{""qr_id"":""22c""}"
2026-04-28 06:33:16,"recv: FFD9{""qr_id"":""22d""}","FFD9{""qr_id"":""22d""}"
2026-04-28 06:34:19,"recv: FFD9{""qr_id"":""22e""}","FFD9{""qr_id"":""22e""}"
2026-04-28 06:35:16,"recv: FFDA{""qr_id"":""22f""}","FFDA{""qr_id"":""22f""}"
2026-04-28 06:36:16,"recv: FFDA{""qr_id"":""230""}","FFDA{""qr_id"":""230""}"
2026-04-28 06:37:16,"recv: FFDA{""qr_id"":""231""}","FFDA{""qr_id"":""231""}"
2026-04-28 06:38:17,"recv: FFD9{""qr_id"":""232""}","FFD9{""qr_id"":""232""}"
2026-04-28 06:39:17,"recv: FFDA{""qr_id"":""233""}","FFDA{""qr_id"":""233""}"
2026-04-28 06:40:16,"recv: FFDA{""qr_id"":""234""}","FFDA{""qr_id"":""234""}"
2026-04-28 06:41:19,"recv: FFD9{""qr_id"":""235""}","FFD9{""qr_id"":""235""}"
2026-04-28 06:42:16,"recv: FFDA{""qr_id"":""236""}","FFDA{""qr_id"":""236""}"
2026-04-28 06:43:19,"recv: FFDA{""qr_id"":""237""}","FFDA{""qr_id"":""237""}"
2026-04-28 06:44:17,"recv: FFDA{""qr_id"":""238""}","FFDA{""qr_id"":""238""}"
2026-04-28 06:45:17,"recv: FFDA{""qr_id"":""239""}","FFDA{""qr_id"":""239""}"
2026-04-28 06:46:19,"recv: FFD9{""qr_id"":""23a""}","FFD9{""qr_id"":""23a""}"
2026-04-28 06:47:17,"recv: FFDA{""qr_id"":""23b""}","FFDA{""qr_id"":""23b""}"
2026-04-28 06:48:17,"recv: FFDA{""qr_id"":""23c""}","FFDA{""qr_id"":""23c""}"
2026-04-28 06:49:19,"recv: FFD9{""qr_id"":""23d""}","FFD9{""qr_id"":""23d""}"
2026-04-28 06:50:17,"recv: FFD9{""qr_id"":""23e""}","FFD9{""qr_id"":""23e""}"
2026-04-28 06:51:19,"recv: FFDA{""qr_id"":""23f""}","FFDA{""qr_id"":""23f""}"
2026-04-28 06:52:17,"recv: FFD9{""qr_id"":""240""}","FFD9{""qr_id"":""240""}"
2026-04-28 06:53:17,"recv: FFDA{""qr_id"":""241""}","FFDA{""qr_id"":""241""}"
2026-04-28 06:54:19,"recv: FFDA{""qr_id"":""242""}","FFDA{""qr_id"":""242""}"
2026-04-28 06:55:17,"recv: FFDA{""qr_id"":""243""}","FFDA{""qr_id"":""243""}"
2026-04-28 06:56:17,"recv: FFD9{""qr_id"":""244""}","FFD9{""qr_id"":""244""}"
2026-04-28 06:57:19,"recv: FFDA{""qr_id"":""245""}","FFDA{""qr_id"":""245""}"
2026-04-28 06:58:17,"recv: FFD9{""qr_id"":""246""}","FFD9{""qr_id"":""246""}"
2026-04-28 06:59:19,"recv: FFD9{""qr_id"":""247""}","FFD9{""qr_id"":""247""}"
2026-04-28 07:00:17,"recv: FFDA{""qr_id"":""248""}","FFDA{""qr_id"":""248""}"
2026-04-28 07:01:19,"recv: FFDA{""qr_id"":""249""}","FFDA{""qr_id"":""249""}"
2026-04-28 07:02:17,"recv: FFD9{""qr_id"":""24a""}","FFD9{""qr_id"":""24a""}"
2026-04-28 07:03:17,"recv: FFD9{""qr_id"":""24b""}","FFD9{""qr_id"":""24b""}"
2026-04-28 07:04:17,"recv: FFDA{""qr_id"":""24c""}","FFDA{""qr_id"":""24c""}"
2026-04-28 07:05:19,"recv: FFDA{""qr_id"":""24d""}","FFDA{""qr_id"":""24d""}"
2026-04-28 07:06:17,"recv: FFDA{""qr_id"":""24e""}","FFDA{""qr_id"":""24e""}"
2026-04-28 07:07:17,"recv: FFD9{""qr_id"":""24f""}","FFD9{""qr_id"":""24f""}"
2026-04-28 07:08:17,"recv: FFD9{""qr_id"":""250""}","FFD9{""qr_id"":""250""}"
2026-04-28 07:09:17,"recv: FFDA{""qr_id"":""251""}","FFDA{""qr_id"":""251""}"
2026-04-28 07:10:19,"recv: FFDA{""qr_id"":""252""}","FFDA{""qr_id"":""252""}"
2026-04-28 07:11:17,"recv: FFDA{""qr_id"":""253""}","FFDA{""qr_id"":""253""}"
2026-04-28 07:12:17,"recv: FFD9{""qr_id"":""254""}","FFD9{""qr_id"":""254""}"
2026-04-28 07:13:17,"recv: FFDA{""qr_id"":""255""}","FFDA{""qr_id"":""255""}"
2026-04-28 07:14:17,"recv: FFDA{""qr_id"":""256""}","FFDA{""qr_id"":""256""}"
2026-04-28 07:15:17,"recv: FFD9{""qr_id"":""257""}","FFD9{""qr_id"":""257""}"
2026-04-28 07:16:17,"recv: FFD9{""qr_id"":""258""}","FFD9{""qr_id"":""258""}"
2026-04-28 07:17:17,"recv: FFDA{""qr_id"":""259""}","FFDA{""qr_id"":""259""}"
2026-04-28 07:18:19,"recv: FFD9{""qr_id"":""25a""}","FFD9{""qr_id"":""25a""}"
2026-04-28 07:19:17,"recv: FFDA{""qr_id"":""25b""}","FFDA{""qr_id"":""25b""}"
2026-04-28 07:20:17,"recv: FFDA{""qr_id"":""25c""}","FFDA{""qr_id"":""25c""}"
2026-04-28 07:21:17,"recv: FFDA{""qr_id"":""25d""}","FFDA{""qr_id"":""25d""}"
2026-04-28 07:22:17,"recv: FFD9{""qr_id"":""25e""}","FFD9{""qr_id"":""25e""}"
2026-04-28 07:23:17,"recv: FFDA{""qr_id"":""25f""}","FFDA{""qr_id"":""25f""}"
2026-04-28 07:24:19,"recv: FFDA{""qr_id"":""260""}","FFDA{""qr_id"":""260""}"
2026-04-28 07:25:17,"recv: FFDA{""qr_id"":""261""}","FFDA{""qr_id"":""261""}"
2026-04-28 07:26:17,"recv: FFD9{""qr_id"":""262""}","FFD9{""qr_id"":""262""}"
2026-04-28 07:27:19,"recv: FFD9{""qr_id"":""263""}","FFD9{""qr_id"":""263""}"
2026-04-28 07:28:17,"recv: FFDA{""qr_id"":""264""}","FFDA{""qr_id"":""264""}"
2026-04-28 07:29:19,"recv: FFDA{""qr_id"":""265""}","FFDA{""qr_id"":""265""}"
2026-04-28 07:30:17,"recv: FFD9{""qr_id"":""266""}","FFD9{""qr_id"":""266""}"
2026-04-28 07:31:17,"recv: FFDA{""qr_id"":""267""}","FFDA{""qr_id"":""267""}"
2026-04-28 07:32:17,"recv: FFDA{""qr_id"":""268""}","FFDA{""qr_id"":""268""}"
2026-04-28 07:33:17,"recv: FFDA{""qr_id"":""269""}","FFDA{""qr_id"":""269""}"
2026-04-28 07:34:17,"recv: FFD9{""qr_id"":""26a""}","FFD9{""qr_id"":""26a""}"
2026-04-28 07:35:19,"recv: FFD9{""qr_id"":""26b""}","FFD9{""qr_id"":""26b""}"
2026-04-28 07:36:17,"recv: FFD9{""qr_id"":""26c""}","FFD9{""qr_id"":""26c""}"
2026-04-28 07:37:17,"recv: FFD9{""qr_id"":""26d""}","FFD9{""qr_id"":""26d""}"
2026-04-28 07:38:17,"recv: FFD9{""qr_id"":""26e""}","FFD9{""qr_id"":""26e""}"
2026-04-28 07:39:19,"recv: FFD9{""qr_id"":""26f""}","FFD9{""qr_id"":""26f""}"
2026-04-28 07:40:17,"recv: FFDA{""qr_id"":""270""}","FFDA{""qr_id"":""270""}"
2026-04-28 07:41:17,"recv: FFDA{""qr_id"":""271""}","FFDA{""qr_id"":""271""}"
2026-04-28 07:42:17,"recv: FFD9{""qr_id"":""272""}","FFD9{""qr_id"":""272""}"
2026-04-28 07:43:17,"recv: FFD9{""qr_id"":""273""}","FFD9{""qr_id"":""273""}"
2026-04-28 07:44:19,"recv: FFD9{""qr_id"":""274""}","FFD9{""qr_id"":""274""}"
2026-04-28 07:45:17,"recv: FFD9{""qr_id"":""275""}","FFD9{""qr_id"":""275""}"
2026-04-28 07:46:17,"recv: FFDA{""qr_id"":""276""}","FFDA{""qr_id"":""276""}"
2026-04-28 07:47:17,"recv: FFD9{""qr_id"":""277""}","FFD9{""qr_id"":""277""}"
2026-04-28 07:48:17,"recv: FFD9{""qr_id"":""278""}","FFD9{""qr_id"":""278""}"
2026-04-28 07:49:19,"recv: FFDA{""qr_id"":""279""}","FFDA{""qr_id"":""279""}"
2026-04-28 07:50:17,"recv: FFD9{""qr_id"":""27a""}","FFD9{""qr_id"":""27a""}"
2026-04-28 07:51:17,"recv: FFD9{""qr_id"":""27b""}","FFD9{""qr_id"":""27b""}"
2026-04-28 07:52:17,"recv: FFD9{""qr_id"":""27c""}","FFD9{""qr_id"":""27c""}"
2026-04-28 07:53:17,"recv: FFDA{""qr_id"":""27d""}","FFDA{""qr_id"":""27d""}"
2026-04-28 07:54:19,"recv: FFD9{""qr_id"":""27e""}","FFD9{""qr_id"":""27e""}"
2026-04-28 07:55:17,"recv: FFDA{""qr_id"":""27f""}","FFDA{""qr_id"":""27f""}"
2026-04-28 07:56:17,"recv: FFDA{""qr_id"":""280""}","FFDA{""qr_id"":""280""}"
2026-04-28 07:57:19,"recv: FFD9{""qr_id"":""281""}","FFD9{""qr_id"":""281""}"
2026-04-28 07:58:17,"recv: FFD9{""qr_id"":""282""}","FFD9{""qr_id"":""282""}"
2026-04-28 07:59:19,"recv: FFD9{""qr_id"":""283""}","FFD9{""qr_id"":""283""}"
2026-04-28 08:00:17,"recv: FFDA{""qr_id"":""284""}","FFDA{""qr_id"":""284""}"
2026-04-28 08:01:17,"recv: FFD9{""qr_id"":""285""}","FFD9{""qr_id"":""285""}"
2026-04-28 08:02:17,"recv: FFD9{""qr_id"":""286""}","FFD9{""qr_id"":""286""}"
2026-04-28 08:03:17,"recv: FFDA{""qr_id"":""287""}","FFDA{""qr_id"":""287""}"
2026-04-28 08:04:17,"recv: FFDA{""qr_id"":""288""}","FFDA{""qr_id"":""288""}"
2026-04-28 08:05:19,"recv: FFD9{""qr_id"":""289""}","FFD9{""qr_id"":""289""}"
2026-04-28 08:06:17,"recv: FFDA{""qr_id"":""28a""}","FFDA{""qr_id"":""28a""}"
2026-04-28 08:07:19,"recv: FFDA{""qr_id"":""28b""}","FFDA{""qr_id"":""28b""}"
2026-04-28 08:08:17,"recv: FFDA{""qr_id"":""28c""}","FFDA{""qr_id"":""28c""}"
2026-04-28 08:09:19,"recv: FFD9{""qr_id"":""28d""}","FFD9{""qr_id"":""28d""}"
2026-04-28 08:10:17,"recv: FFDA{""qr_id"":""28e""}","FFDA{""qr_id"":""28e""}"
2026-04-28 08:11:17,"recv: FFD9{""qr_id"":""28f""}","FFD9{""qr_id"":""28f""}"
2026-04-28 08:12:17,"recv: FFDA{""qr_id"":""290""}","FFDA{""qr_id"":""290""}"
2026-04-28 08:13:17,"recv: FFD9{""qr_id"":""291""}","FFD9{""qr_id"":""291""}"
2026-04-28 08:14:17,"recv: FFDA{""qr_id"":""292""}","FFDA{""qr_id"":""292""}"
2026-04-28 08:15:17,"recv: FFD9{""qr_id"":""293""}","FFD9{""qr_id"":""293""}"
2026-04-28 08:16:17,"recv: FFD9{""qr_id"":""294""}","FFD9{""qr_id"":""294""}"
2026-04-28 08:17:17,"recv: FFDA{""qr_id"":""295""}","FFDA{""qr_id"":""295""}"
2026-04-28 08:18:19,"recv: FFDA{""qr_id"":""296""}","FFDA{""qr_id"":""296""}"
2026-04-28 08:19:17,"recv: FFD9{""qr_id"":""297""}","FFD9{""qr_id"":""297""}"
2026-04-28 08:20:17,"recv: FFDA{""qr_id"":""298""}","FFDA{""qr_id"":""298""}"
2026-04-28 08:21:17,"recv: FFD9{""qr_id"":""299""}","FFD9{""qr_id"":""299""}"
2026-04-28 08:22:19,"recv: FFDA{""qr_id"":""29a""}","FFDA{""qr_id"":""29a""}"
2026-04-28 08:23:17,"recv: FFD9{""qr_id"":""29b""}","FFD9{""qr_id"":""29b""}"
2026-04-28 08:24:17,"recv: FFD9{""qr_id"":""29c""}","FFD9{""qr_id"":""29c""}"
2026-04-28 08:25:17,"recv: FFDA{""qr_id"":""29d""}","FFDA{""qr_id"":""29d""}"
2026-04-28 08:26:17,"recv: FFD9{""qr_id"":""29e""}","FFD9{""qr_id"":""29e""}"
2026-04-28 08:27:17,"recv: FFDA{""qr_id"":""29f""}","FFDA{""qr_id"":""29f""}"
2026-04-28 08:28:19,"recv: FFDA{""qr_id"":""2a0""}","FFDA{""qr_id"":""2a0""}"
2026-04-28 08:29:17,"recv: FFD9{""qr_id"":""2a1""}","FFD9{""qr_id"":""2a1""}"
2026-04-28 08:30:19,"recv: FFDA{""qr_id"":""2a2""}","FFDA{""qr_id"":""2a2""}"
2026-04-28 08:31:17,"recv: FFD9{""qr_id"":""2a3""}","FFD9{""qr_id"":""2a3""}"
2026-04-28 08:32:17,"recv: FFDA{""qr_id"":""2a4""}","FFDA{""qr_id"":""2a4""}"
2026-04-28 08:33:17,"recv: FFDA{""qr_id"":""2a5""}","FFDA{""qr_id"":""2a5""}"
2026-04-28 08:34:19,"recv: FFDA{""qr_id"":""2a6""}","FFDA{""qr_id"":""2a6""}"
2026-04-28 08:35:17,"recv: FFD9{""qr_id"":""2a7""}","FFD9{""qr_id"":""2a7""}"
2026-04-28 08:36:19,"recv: FFDA{""qr_id"":""2a8""}","FFDA{""qr_id"":""2a8""}"
2026-04-28 08:37:17,"recv: FFD9{""qr_id"":""2a9""}","FFD9{""qr_id"":""2a9""}"
2026-04-28 08:38:17,"recv: FFDA{""qr_id"":""2aa""}","FFDA{""qr_id"":""2aa""}"
2026-04-28 08:39:19,"recv: FFDB{""qr_id"":""2ab""}","FFDB{""qr_id"":""2ab""}"
2026-04-28 08:40:17,"recv: FFD9{""qr_id"":""2ac""}","FFD9{""qr_id"":""2ac""}"
2026-04-28 08:41:17,"recv: FFDA{""qr_id"":""2ad""}","FFDA{""qr_id"":""2ad""}"
2026-04-28 08:42:17,"recv: FFD9{""qr_id"":""2ae""}","FFD9{""qr_id"":""2ae""}"
2026-04-28 08:43:19,"recv: FFDA{""qr_id"":""2af""}","FFDA{""qr_id"":""2af""}"
2026-04-28 08:44:17,"recv: FFD9{""qr_id"":""2b0""}","FFD9{""qr_id"":""2b0""}"
2026-04-28 08:45:17,"recv: FFDA{""qr_id"":""2b1""}","FFDA{""qr_id"":""2b1""}"
2026-04-28 08:46:17,"recv: FFD9{""qr_id"":""2b2""}","FFD9{""qr_id"":""2b2""}"
2026-04-28 08:47:17,"recv: FFD9{""qr_id"":""2b3""}","FFD9{""qr_id"":""2b3""}"
2026-04-28 08:48:17,"recv: FFDA{""qr_id"":""2b4""}","FFDA{""qr_id"":""2b4""}"
2026-04-28 08:49:17,"recv: FFDA{""qr_id"":""2b5""}","FFDA{""qr_id"":""2b5""}"
2026-04-28 08:50:19,"recv: FFDA{""qr_id"":""2b6""}","FFDA{""qr_id"":""2b6""}"
2026-04-28 08:51:17,"recv: FFDA{""qr_id"":""2b7""}","FFDA{""qr_id"":""2b7""}"
2026-04-28 08:52:19,"recv: FFDA{""qr_id"":""2b8""}","FFDA{""qr_id"":""2b8""}"
2026-04-28 08:53:17,"recv: FFD9{""qr_id"":""2b9""}","FFD9{""qr_id"":""2b9""}"
2026-04-28 08:54:17,"recv: FFDA{""qr_id"":""2ba""}","FFDA{""qr_id"":""2ba""}"
2026-04-28 08:55:19,"recv: FFDA{""qr_id"":""2bb""}","FFDA{""qr_id"":""2bb""}"
2026-04-28 08:56:17,"recv: FFD9{""qr_id"":""2bc""}","FFD9{""qr_id"":""2bc""}"
2026-04-28 08:57:17,"recv: FFD9{""qr_id"":""2bd""}","FFD9{""qr_id"":""2bd""}"
2026-04-28 08:58:17,"recv: FFD9{""qr_id"":""2be""}","FFD9{""qr_id"":""2be""}"
2026-04-28 08:59:19,"recv: FFDA{""qr_id"":""2bf""}","FFDA{""qr_id"":""2bf""}"
2026-04-28 09:00:17,"recv: FFDA{""qr_id"":""2c0""}","FFDA{""qr_id"":""2c0""}"
2026-04-28 09:01:17,"recv: FFDA{""qr_id"":""2c1""}","FFDA{""qr_id"":""2c1""}"
2026-04-28 09:02:19,"recv: FFDA{""qr_id"":""2c2""}","FFDA{""qr_id"":""2c2""}"
2026-04-28 09:03:17,"recv: FFDA{""qr_id"":""2c3""}","FFDA{""qr_id"":""2c3""}"
2026-04-28 09:04:17,"recv: FFDA{""qr_id"":""2c4""}","FFDA{""qr_id"":""2c4""}"
2026-04-28 09:05:17,"recv: FFDA{""qr_id"":""2c5""}","FFDA{""qr_id"":""2c5""}"
2026-04-28 09:06:17,"recv: FFD9{""qr_id"":""2c6""}","FFD9{""qr_id"":""2c6""}"
2026-04-28 09:07:17,"recv: FFDA{""qr_id"":""2c7""}","FFDA{""qr_id"":""2c7""}"
2026-04-28 09:08:19,"recv: FFDA{""qr_id"":""2c8""}","FFDA{""qr_id"":""2c8""}"
2026-04-28 09:09:17,"recv: FFD9{""qr_id"":""2c9""}","FFD9{""qr_id"":""2c9""}"
2026-04-28 09:10:17,"recv: FFD9{""qr_id"":""2ca""}","FFD9{""qr_id"":""2ca""}"
2026-04-28 09:11:19,"recv: FFDA{""qr_id"":""2cb""}","FFDA{""qr_id"":""2cb""}"
2026-04-28 09:12:17,"recv: FFDA{""qr_id"":""2cc""}","FFDA{""qr_id"":""2cc""}"
2026-04-28 09:13:17,"recv: FFDA{""qr_id"":""2cd""}","FFDA{""qr_id"":""2cd""}"
2026-04-28 09:14:17,"recv: FFD9{""qr_id"":""2ce""}","FFD9{""qr_id"":""2ce""}"
2026-04-28 09:15:17,"recv: FFD9{""qr_id"":""2cf""}","FFD9{""qr_id"":""2cf""}"
2026-04-28 09:16:17,"recv: FFD9{""qr_id"":""2d0""}","FFD9{""qr_id"":""2d0""}"
2026-04-28 09:17:17,"recv: FFD9{""qr_id"":""2d1""}","FFD9{""qr_id"":""2d1""}"
2026-04-28 09:18:19,"recv: FFD9{""qr_id"":""2d2""}","FFD9{""qr_id"":""2d2""}"
2026-04-28 09:19:17,"recv: FFD9{""qr_id"":""2d3""}","FFD9{""qr_id"":""2d3""}"
2026-04-28 09:20:17,"recv: FFDA{""qr_id"":""2d4""}","FFDA{""qr_id"":""2d4""}"
2026-04-28 09:21:17,"recv: FFD9{""qr_id"":""2d5""}","FFD9{""qr_id"":""2d5""}"
2026-04-28 09:22:19,"recv: FFDA{""qr_id"":""2d6""}","FFDA{""qr_id"":""2d6""}"
2026-04-28 09:23:17,"recv: FFDA{""qr_id"":""2d7""}","FFDA{""qr_id"":""2d7""}"
2026-04-28 09:24:19,"recv: FFDA{""qr_id"":""2d8""}","FFDA{""qr_id"":""2d8""}"
2026-04-28 09:25:17,"recv: FFDA{""qr_id"":""2d9""}","FFDA{""qr_id"":""2d9""}"
2026-04-28 09:26:17,"recv: FFDA{""qr_id"":""2da""}","FFDA{""qr_id"":""2da""}"
2026-04-28 09:27:17,"recv: FFDA{""qr_id"":""2db""}","FFDA{""qr_id"":""2db""}"
2026-04-28 09:28:19,"recv: FFDA{""qr_id"":""2dc""}","FFDA{""qr_id"":""2dc""}"
2026-04-28 09:29:17,"recv: FFD9{""qr_id"":""2dd""}","FFD9{""qr_id"":""2dd""}"
2026-04-28 09:30:19,"recv: FFDA{""qr_id"":""2de""}","FFDA{""qr_id"":""2de""}"
2026-04-28 09:31:17,"recv: FFDA{""qr_id"":""2df""}","FFDA{""qr_id"":""2df""}"
2026-04-28 09:32:17,"recv: FFDA{""qr_id"":""2e0""}","FFDA{""qr_id"":""2e0""}"
2026-04-28 09:33:17,"recv: FFD9{""qr_id"":""2e1""}","FFD9{""qr_id"":""2e1""}"
2026-04-28 09:34:17,"recv: FFDA{""qr_id"":""2e2""}","FFDA{""qr_id"":""2e2""}"
2026-04-28 09:35:17,"recv: FFD9{""qr_id"":""2e3""}","FFD9{""qr_id"":""2e3""}"
2026-04-28 09:36:17,"recv: FFDA{""qr_id"":""2e4""}","FFDA{""qr_id"":""2e4""}"
2026-04-28 09:37:17,"recv: FFD9{""qr_id"":""2e5""}","FFD9{""qr_id"":""2e5""}"
2026-04-28 09:38:17,"recv: FFDA{""qr_id"":""2e6""}","FFDA{""qr_id"":""2e6""}"
2026-04-28 09:39:19,"recv: FFDA{""qr_id"":""2e7""}","FFDA{""qr_id"":""2e7""}"
2026-04-28 09:40:17,"recv: FFDA{""qr_id"":""2e8""}","FFDA{""qr_id"":""2e8""}"
2026-04-28 09:41:19,"recv: FFDA{""qr_id"":""2e9""}","FFDA{""qr_id"":""2e9""}"
2026-04-28 09:42:17,"recv: FFDA{""qr_id"":""2ea""}","FFDA{""qr_id"":""2ea""}"
2026-04-28 09:43:17,"recv: FFD9{""qr_id"":""2eb""}","FFD9{""qr_id"":""2eb""}"
2026-04-28 09:44:17,"recv: FFDA{""qr_id"":""2ec""}","FFDA{""qr_id"":""2ec""}"
2026-04-28 09:45:19,"recv: FFD9{""qr_id"":""2ed""}","FFD9{""qr_id"":""2ed""}"
2026-04-28 09:46:17,"recv: FFDA{""qr_id"":""2ee""}","FFDA{""qr_id"":""2ee""}"
2026-04-28 09:47:17,"recv: FFDA{""qr_id"":""2ef""}","FFDA{""qr_id"":""2ef""}"
2026-04-28 09:48:17,"recv: FFD9{""qr_id"":""2f0""}","FFD9{""qr_id"":""2f0""}"
2026-04-28 09:49:17,"recv: FFD9{""qr_id"":""2f1""}","FFD9{""qr_id"":""2f1""}"
2026-04-28 09:50:17,"recv: FFD9{""qr_id"":""2f2""}","FFD9{""qr_id"":""2f2""}"
2026-04-28 09:51:19,"recv: FFDA{""qr_id"":""2f3""}","FFDA{""qr_id"":""2f3""}"
2026-04-28 09:52:17,"recv: FFDA{""qr_id"":""2f4""}","FFDA{""qr_id"":""2f4""}"
2026-04-28 09:53:17,"recv: FFD9{""qr_id"":""2f5""}","FFD9{""qr_id"":""2f5""}"
2026-04-28 09:54:17,"recv: FFDA{""qr_id"":""2f6""}","FFDA{""qr_id"":""2f6""}"
2026-04-28 09:55:19,"recv: FFDA{""qr_id"":""2f7""}","FFDA{""qr_id"":""2f7""}"
2026-04-28 09:56:17,"recv: FFD9{""qr_id"":""2f8""}","FFD9{""qr_id"":""2f8""}"
2026-04-28 09:57:19,"recv: FFDA{""qr_id"":""2f9""}","FFDA{""qr_id"":""2f9""}"
2026-04-28 09:58:17,"recv: FFDA{""qr_id"":""2fa""}","FFDA{""qr_id"":""2fa""}"
2026-04-28 09:59:19,"recv: FFDA{""qr_id"":""2fb""}","FFDA{""qr_id"":""2fb""}"
2026-04-28 10:00:17,"recv: FFDA{""qr_id"":""2fc""}","FFDA{""qr_id"":""2fc""}"
2026-04-28 10:01:17,"recv: FFDA{""qr_id"":""2fd""}","FFDA{""qr_id"":""2fd""}"
2026-04-28 10:02:19,"recv: FFDA{""qr_id"":""2fe""}","FFDA{""qr_id"":""2fe""}"
2026-04-28 10:03:17,"recv: FFDA{""qr_id"":""2ff""}","FFDA{""qr_id"":""2ff""}"
2026-04-28 10:04:17,"recv: FFDA{""qr_id"":""300""}","FFDA{""qr_id"":""300""}"
2026-04-28 10:05:19,"recv: FFD9{""qr_id"":""301""}","FFD9{""qr_id"":""301""}"
2026-04-28 10:06:17,"recv: FFDA{""qr_id"":""302""}","FFDA{""qr_id"":""302""}"
2026-04-28 10:07:19,"recv: FFD9{""qr_id"":""303""}","FFD9{""qr_id"":""303""}"
2026-04-28 10:08:17,"recv: FFD9{""qr_id"":""304""}","FFD9{""qr_id"":""304""}"
2026-04-28 10:09:17,"recv: FFD9{""qr_id"":""305""}","FFD9{""qr_id"":""305""}"
2026-04-28 10:10:19,"recv: FFDA{""qr_id"":""306""}","FFDA{""qr_id"":""306""}"
2026-04-28 10:11:17,"recv: FFD9{""qr_id"":""307""}","FFD9{""qr_id"":""307""}"
2026-04-28 10:12:17,"recv: FFDA{""qr_id"":""308""}","FFDA{""qr_id"":""308""}"
2026-04-28 10:13:17,"recv: FFD9{""qr_id"":""309""}","FFD9{""qr_id"":""309""}"
2026-04-28 10:14:17,"recv: FFDA{""qr_id"":""30a""}","FFDA{""qr_id"":""30a""}"
2026-04-28 10:15:19,"recv: FFD9{""qr_id"":""30b""}","FFD9{""qr_id"":""30b""}"
2026-04-28 10:16:17,"recv: FFD9{""qr_id"":""30c""}","FFD9{""qr_id"":""30c""}"
2026-04-28 10:17:19,"recv: FFDA{""qr_id"":""30d""}","FFDA{""qr_id"":""30d""}"
2026-04-28 10:18:17,"recv: FFDA{""qr_id"":""30e""}","FFDA{""qr_id"":""30e""}"
2026-04-28 10:19:17,"recv: FFDA{""qr_id"":""30f""}","FFDA{""qr_id"":""30f""}"
2026-04-28 10:20:17,"recv: FFDA{""qr_id"":""310""}","FFDA{""qr_id"":""310""}"
2026-04-28 10:21:19,"recv: FFD9{""qr_id"":""311""}","FFD9{""qr_id"":""311""}"
2026-04-28 10:22:17,"recv: FFDA{""qr_id"":""312""}","FFDA{""qr_id"":""312""}"
2026-04-28 10:23:17,"recv: FFDA{""qr_id"":""313""}","FFDA{""qr_id"":""313""}"
2026-04-28 10:24:17,"recv: FFD9{""qr_id"":""314""}","FFD9{""qr_id"":""314""}"
2026-04-28 10:25:19,"recv: FFDA{""qr_id"":""315""}","FFDA{""qr_id"":""315""}"
2026-04-28 10:26:17,"recv: FFDA{""qr_id"":""316""}","FFDA{""qr_id"":""316""}"
2026-04-28 10:27:19,"recv: FFD9{""qr_id"":""317""}","FFD9{""qr_id"":""317""}"
2026-04-28 10:28:17,"recv: FFDA{""qr_id"":""318""}","FFDA{""qr_id"":""318""}"
2026-04-28 10:29:19,"recv: FFDA{""qr_id"":""319""}","FFDA{""qr_id"":""319""}"
2026-04-28 10:30:17,"recv: FFD9{""qr_id"":""31a""}","FFD9{""qr_id"":""31a""}"
2026-04-28 10:31:17,"recv: FFD9{""qr_id"":""31b""}","FFD9{""qr_id"":""31b""}"
2026-04-28 10:32:17,"recv: FFDA{""qr_id"":""31c""}","FFDA{""qr_id"":""31c""}"
2026-04-28 10:33:17,"recv: FFDA{""qr_id"":""31d""}","FFDA{""qr_id"":""31d""}"
2026-04-28 10:34:17,"recv: FFDA{""qr_id"":""31e""}","FFDA{""qr_id"":""31e""}"
2026-04-28 10:35:17,"recv: FFDA{""qr_id"":""31f""}","FFDA{""qr_id"":""31f""}"
2026-04-28 10:36:19,"recv: FFDA{""qr_id"":""320""}","FFDA{""qr_id"":""320""}"
2026-04-28 10:37:17,"recv: FFD9{""qr_id"":""321""}","FFD9{""qr_id"":""321""}"
2026-04-28 10:38:17,"recv: FFD9{""qr_id"":""322""}","FFD9{""qr_id"":""322""}"
2026-04-28 10:39:19,"recv: FFD9{""qr_id"":""323""}","FFD9{""qr_id"":""323""}"
2026-04-28 10:40:17,"recv: FFD9{""qr_id"":""324""}","FFD9{""qr_id"":""324""}"
2026-04-28 10:41:17,"recv: FFD9{""qr_id"":""325""}","FFD9{""qr_id"":""325""}"
2026-04-28 10:42:19,"recv: FFD9{""qr_id"":""326""}","FFD9{""qr_id"":""326""}"
2026-04-28 10:43:17,"recv: FFDA{""qr_id"":""327""}","FFDA{""qr_id"":""327""}"
2026-04-28 10:44:17,"recv: FFDA{""qr_id"":""328""}","FFDA{""qr_id"":""328""}"
2026-04-28 10:45:17,"recv: FFD9{""qr_id"":""329""}","FFD9{""qr_id"":""329""}"
2026-04-28 10:46:17,"recv: FFDA{""qr_id"":""32a""}","FFDA{""qr_id"":""32a""}"
2026-04-28 10:47:19,"recv: FFD9{""qr_id"":""32b""}","FFD9{""qr_id"":""32b""}"
2026-04-28 10:48:17,"recv: FFD9{""qr_id"":""32c""}","FFD9{""qr_id"":""32c""}"
2026-04-28 10:49:17,"recv: FFD9{""qr_id"":""32d""}","FFD9{""qr_id"":""32d""}"
2026-04-28 10:50:17,"recv: FFD9{""qr_id"":""32e""}","FFD9{""qr_id"":""32e""}"
2026-04-28 10:51:17,"recv: FFD9{""qr_id"":""32f""}","FFD9{""qr_id"":""32f""}"
2026-04-28 10:52:19,"recv: FFDA{""qr_id"":""330""}","FFDA{""qr_id"":""330""}"
2026-04-28 10:53:17,"recv: FFDA{""qr_id"":""331""}","FFDA{""qr_id"":""331""}"
2026-04-28 10:54:19,"recv: FFD9{""qr_id"":""332""}","FFD9{""qr_id"":""332""}"
2026-04-28 10:55:17,"recv: FFDA{""qr_id"":""333""}","FFDA{""qr_id"":""333""}"
2026-04-28 10:56:19,"recv: FFD9{""qr_id"":""334""}","FFD9{""qr_id"":""334""}"
2026-04-28 10:57:17,"recv: FFD9{""qr_id"":""335""}","FFD9{""qr_id"":""335""}"
2026-04-28 10:58:19,"recv: FFD9{""qr_id"":""336""}","FFD9{""qr_id"":""336""}"
2026-04-28 10:59:17,"recv: FFD9{""qr_id"":""337""}","FFD9{""qr_id"":""337""}"
2026-04-28 11:00:19,"recv: FFD9{""qr_id"":""338""}","FFD9{""qr_id"":""338""}"
2026-04-28 11:01:17,"recv: FFD9{""qr_id"":""339""}","FFD9{""qr_id"":""339""}"
2026-04-28 11:02:19,"recv: FFD8{""qr_id"":""33a""}","FFD8{""qr_id"":""33a""}"
2026-04-28 11:03:17,"recv: FFD9{""qr_id"":""33b""}","FFD9{""qr_id"":""33b""}"
2026-04-28 11:04:17,"recv: FFD9{""qr_id"":""33c""}","FFD9{""qr_id"":""33c""}"
2026-04-28 11:05:17,"recv: FFD9{""qr_id"":""33d""}","FFD9{""qr_id"":""33d""}"
2026-04-28 11:06:19,"recv: FFDA{""qr_id"":""33e""}","FFDA{""qr_id"":""33e""}"
2026-04-28 11:07:17,"recv: FFD8{""qr_id"":""33f""}","FFD8{""qr_id"":""33f""}"
2026-04-28 11:08:19,"recv: FFD9{""qr_id"":""340""}","FFD9{""qr_id"":""340""}"
2026-04-28 11:09:17,"recv: FFD9{""qr_id"":""341""}","FFD9{""qr_id"":""341""}"
2026-04-28 11:10:17,"recv: FFD9{""qr_id"":""342""}","FFD9{""qr_id"":""342""}"
2026-04-28 11:11:19,"recv: FFD9{""qr_id"":""343""}","FFD9{""qr_id"":""343""}"
2026-04-28 11:12:17,"recv: FFDA{""qr_id"":""344""}","FFDA{""qr_id"":""344""}"
2026-04-28 11:13:19,"recv: FFD9{""qr_id"":""345""}","FFD9{""qr_id"":""345""}"
2026-04-28 11:14:17,"recv: FFD9{""qr_id"":""346""}","FFD9{""qr_id"":""346""}"
2026-04-28 11:15:19,"recv: FFD9{""qr_id"":""347""}","FFD9{""qr_id"":""347""}"
2026-04-28 11:16:17,"recv: FFD9{""qr_id"":""348""}","FFD9{""qr_id"":""348""}"
2026-04-28 11:17:17,"recv: FFD9{""qr_id"":""349""}","FFD9{""qr_id"":""349""}"
2026-04-28 11:18:17,"recv: FFD9{""qr_id"":""34a""}","FFD9{""qr_id"":""34a""}"
2026-04-28 11:19:17,"recv: FFD9{""qr_id"":""34b""}","FFD9{""qr_id"":""34b""}"
2026-04-28 11:20:19,"recv: FFD9{""qr_id"":""34c""}","FFD9{""qr_id"":""34c""}"
2026-04-28 11:21:17,"recv: FFDA{""qr_id"":""34d""}","FFDA{""qr_id"":""34d""}"
2026-04-28 11:22:17,"recv: FFDA{""qr_id"":""34e""}","FFDA{""qr_id"":""34e""}"
2026-04-28 11:23:19,"recv: FFD9{""qr_id"":""34f""}","FFD9{""qr_id"":""34f""}"
2026-04-28 11:24:17,"recv: FFD9{""qr_id"":""350""}","FFD9{""qr_id"":""350""}"
2026-04-28 11:25:19,"recv: FFDA{""qr_id"":""351""}","FFDA{""qr_id"":""351""}"
2026-04-28 11:26:17,"recv: FFDA{""qr_id"":""352""}","FFDA{""qr_id"":""352""}"
2026-04-28 11:27:19,"recv: FFD9{""qr_id"":""353""}","FFD9{""qr_id"":""353""}"
2026-04-28 11:28:17,"recv: FFD9{""qr_id"":""354""}","FFD9{""qr_id"":""354""}"
2026-04-28 11:29:17,"recv: FFDA{""qr_id"":""355""}","FFDA{""qr_id"":""355""}"
2026-04-28 11:30:17,"recv: FFD9{""qr_id"":""356""}","FFD9{""qr_id"":""356""}"
2026-04-28 11:31:19,"recv: FFD9{""qr_id"":""357""}","FFD9{""qr_id"":""357""}"
2026-04-28 11:32:17,"recv: FFD9{""qr_id"":""358""}","FFD9{""qr_id"":""358""}"
2026-04-28 11:33:19,"recv: FFDA{""qr_id"":""359""}","FFDA{""qr_id"":""359""}"
2026-04-28 11:34:17,"recv: FFD9{""qr_id"":""35a""}","FFD9{""qr_id"":""35a""}"
2026-04-28 11:35:19,"recv: FFD9{""qr_id"":""35b""}","FFD9{""qr_id"":""35b""}"
2026-04-28 11:36:17,"recv: FFD9{""qr_id"":""35c""}","FFD9{""qr_id"":""35c""}"
2026-04-28 11:37:19,"recv: FFDA{""qr_id"":""35d""}","FFDA{""qr_id"":""35d""}"
2026-04-28 11:38:17,"recv: FFD9{""qr_id"":""35e""}","FFD9{""qr_id"":""35e""}"
2026-04-28 11:39:19,"recv: FFDA{""qr_id"":""35f""}","FFDA{""qr_id"":""35f""}"
2026-04-28 11:40:17,"recv: FFDA{""qr_id"":""360""}","FFDA{""qr_id"":""360""}"
2026-04-28 11:41:17,"recv: FFD9{""qr_id"":""361""}","FFD9{""qr_id"":""361""}"
2026-04-28 11:42:17,"recv: FFD9{""qr_id"":""362""}","FFD9{""qr_id"":""362""}"
2026-04-28 11:43:17,"recv: FFD9{""qr_id"":""363""}","FFD9{""qr_id"":""363""}"
2026-04-28 11:44:17,"recv: FFDA{""qr_id"":""364""}","FFDA{""qr_id"":""364""}"
2026-04-28 11:45:17,"recv: FFD9{""qr_id"":""365""}","FFD9{""qr_id"":""365""}"
2026-04-28 11:46:19,"recv: FFD9{""qr_id"":""366""}","FFD9{""qr_id"":""366""}"
2026-04-28 11:47:17,"recv: FFD9{""qr_id"":""367""}","FFD9{""qr_id"":""367""}"
2026-04-28 11:48:19,"recv: FFDA{""qr_id"":""368""}","FFDA{""qr_id"":""368""}"
2026-04-28 11:49:17,"recv: FFD9{""qr_id"":""369""}","FFD9{""qr_id"":""369""}"
2026-04-28 11:50:19,"recv: FFD9{""qr_id"":""36a""}","FFD9{""qr_id"":""36a""}"
2026-04-28 11:51:17,"recv: FFD9{""qr_id"":""36b""}","FFD9{""qr_id"":""36b""}"
2026-04-28 11:52:19,"recv: FFDA{""qr_id"":""36c""}","FFDA{""qr_id"":""36c""}"
2026-04-28 11:53:17,"recv: FFD9{""qr_id"":""36d""}","FFD9{""qr_id"":""36d""}"
2026-04-28 11:54:19,"recv: FFD9{""qr_id"":""36e""}","FFD9{""qr_id"":""36e""}"
2026-04-28 11:55:17,"recv: FFD9{""qr_id"":""36f""}","FFD9{""qr_id"":""36f""}"
2026-04-28 11:56:17,"recv: FFD9{""qr_id"":""370""}","FFD9{""qr_id"":""370""}"
2026-04-28 11:57:19,"recv: FFD9{""qr_id"":""371""}","FFD9{""qr_id"":""371""}"
2026-04-28 11:58:17,"recv: FFD9{""qr_id"":""372""}","FFD9{""qr_id"":""372""}"
2026-04-28 11:59:17,"recv: FFD9{""qr_id"":""373""}","FFD9{""qr_id"":""373""}"
2026-04-28 12:00:17,"recv: FFD9{""qr_id"":""374""}","FFD9{""qr_id"":""374""}"
2026-04-28 12:01:17,"recv: FFD9{""qr_id"":""375""}","FFD9{""qr_id"":""375""}"
2026-04-28 12:02:19,"recv: FFD9{""qr_id"":""376""}","FFD9{""qr_id"":""376""}"
2026-04-28 12:03:17,"recv: FFDA{""qr_id"":""377""}","FFDA{""qr_id"":""377""}"
2026-04-28 12:04:19,"recv: FFDA{""qr_id"":""378""}","FFDA{""qr_id"":""378""}"
2026-04-28 12:05:17,"recv: FFD8{""qr_id"":""379""}","FFD8{""qr_id"":""379""}"
2026-04-28 12:06:19,"recv: FFD9{""qr_id"":""37a""}","FFD9{""qr_id"":""37a""}"
2026-04-28 12:07:17,"recv: FFD9{""qr_id"":""37b""}","FFD9{""qr_id"":""37b""}"
2026-04-28 12:08:19,"recv: FFD9{""qr_id"":""37c""}","FFD9{""qr_id"":""37c""}"
2026-04-28 12:09:17,"recv: FFD9{""qr_id"":""37d""}","FFD9{""qr_id"":""37d""}"
2026-04-28 12:10:17,"recv: FFD8{""qr_id"":""37e""}","FFD8{""qr_id"":""37e""}"
2026-04-28 12:11:19,"recv: FFD8{""qr_id"":""37f""}","FFD8{""qr_id"":""37f""}"
2026-04-28 12:12:17,"recv: FFD8{""qr_id"":""380""}","FFD8{""qr_id"":""380""}"
2026-04-28 12:13:17,"recv: FFD9{""qr_id"":""381""}","FFD9{""qr_id"":""381""}"
2026-04-28 12:14:17,"recv: FFD8{""qr_id"":""382""}","FFD8{""qr_id"":""382""}"
2026-04-28 12:15:17,"recv: FFD8{""qr_id"":""383""}","FFD8{""qr_id"":""383""}"
2026-04-28 12:16:19,"recv: FFDA{""qr_id"":""384""}","FFDA{""qr_id"":""384""}"
2026-04-28 12:17:17,"recv: FFD9{""qr_id"":""385""}","FFD9{""qr_id"":""385""}"
2026-04-28 12:18:19,"recv: FFD9{""qr_id"":""386""}","FFD9{""qr_id"":""386""}"
2026-04-28 12:19:17,"recv: FFDA{""qr_id"":""387""}","FFDA{""qr_id"":""387""}"
2026-04-28 12:20:17,"recv: FFD8{""qr_id"":""388""}","FFD8{""qr_id"":""388""}"
2026-04-28 12:21:19,"recv: FFD9{""qr_id"":""389""}","FFD9{""qr_id"":""389""}"
2026-04-28 12:22:17,"recv: FFD9{""qr_id"":""38a""}","FFD9{""qr_id"":""38a""}"
2026-04-28 12:23:19,"recv: FFD9{""qr_id"":""38b""}","FFD9{""qr_id"":""38b""}"
2026-04-28 12:24:17,"recv: FFD8{""qr_id"":""38c""}","FFD8{""qr_id"":""38c""}"
2026-04-28 12:25:19,"recv: FFD9{""qr_id"":""38d""}","FFD9{""qr_id"":""38d""}"
2026-04-28 12:26:17,"recv: FFDA{""qr_id"":""38e""}","FFDA{""qr_id"":""38e""}"
2026-04-28 12:27:17,"recv: FFD8{""qr_id"":""38f""}","FFD8{""qr_id"":""38f""}"
2026-04-28 12:28:17,"recv: FFD9{""qr_id"":""390""}","FFD9{""qr_id"":""390""}"
2026-04-28 12:29:19,"recv: FFD9{""qr_id"":""391""}","FFD9{""qr_id"":""391""}"
2026-04-28 12:30:17,"recv: FFD9{""qr_id"":""392""}","FFD9{""qr_id"":""392""}"
2026-04-28 12:31:19,"recv: FFD9{""qr_id"":""393""}","FFD9{""qr_id"":""393""}"
2026-04-28 12:32:17,"recv: FFD9{""qr_id"":""394""}","FFD9{""qr_id"":""394""}"
2026-04-28 12:33:19,"recv: FFD9{""qr_id"":""395""}","FFD9{""qr_id"":""395""}"
2026-04-28 12:34:17,"recv: FFD8{""qr_id"":""396""}","FFD8{""qr_id"":""396""}"
2026-04-28 12:35:19,"recv: FFD9{""qr_id"":""397""}","FFD9{""qr_id"":""397""}"
2026-04-28 12:36:17,"recv: FFD9{""qr_id"":""398""}","FFD9{""qr_id"":""398""}"
2026-04-28 12:37:17,"recv: FFD8{""qr_id"":""399""}","FFD8{""qr_id"":""399""}"
2026-04-28 12:38:19,"recv: FFD9{""qr_id"":""39a""}","FFD9{""qr_id"":""39a""}"
2026-04-28 12:39:17,"recv: FFD9{""qr_id"":""39b""}","FFD9{""qr_id"":""39b""}"
2026-04-28 12:40:19,"recv: FFD9{""qr_id"":""39c""}","FFD9{""qr_id"":""39c""}"
2026-04-28 12:41:17,"recv: FFD9{""qr_id"":""39d""}","FFD9{""qr_id"":""39d""}"
2026-04-28 12:42:19,"recv: FFD9{""qr_id"":""39e""}","FFD9{""qr_id"":""39e""}"
2026-04-28 12:43:17,"recv: FFD8{""qr_id"":""39f""}","FFD8{""qr_id"":""39f""}"
2026-04-28 12:44:17,"recv: FFD9{""qr_id"":""3a0""}","FFD9{""qr_id"":""3a0""}"
2026-04-28 12:45:19,"recv: FFD9{""qr_id"":""3a1""}","FFD9{""qr_id"":""3a1""}"
2026-04-28 12:46:17,"recv: FFD8{""qr_id"":""3a2""}","FFD8{""qr_id"":""3a2""}"
2026-04-28 12:47:17,"recv: FFD8{""qr_id"":""3a3""}","FFD8{""qr_id"":""3a3""}"
2026-04-28 12:48:19,"recv: FFD9{""qr_id"":""3a4""}","FFD9{""qr_id"":""3a4""}"
2026-04-28 12:49:17,"recv: FFDA{""qr_id"":""3a5""}","FFDA{""qr_id"":""3a5""}"
2026-04-28 12:50:17,"recv: FFD9{""qr_id"":""3a6""}","FFD9{""qr_id"":""3a6""}"
2026-04-28 12:51:19,"recv: FFD9{""qr_id"":""3a7""}","FFD9{""qr_id"":""3a7""}"
2026-04-28 12:52:17,"recv: FFD9{""qr_id"":""3a8""}","FFD9{""qr_id"":""3a8""}"
2026-04-28 12:53:20,"recv: FFD9{""qr_id"":""3a9""}","FFD9{""qr_id"":""3a9""}"
2026-04-28 12:54:17,"recv: FFD8{""qr_id"":""3aa""}","FFD8{""qr_id"":""3aa""}"
2026-04-28 12:55:20,"recv: FFD7{""qr_id"":""3ab""}","FFD7{""qr_id"":""3ab""}"
2026-04-28 12:56:17,"recv: FFD2{""qr_id"":""3ac""}","FFD2{""qr_id"":""3ac""}"
2026-04-28 12:57:17,"recv: FFDA{""qr_id"":""3ad""}","FFDA{""qr_id"":""3ad""}"
2026-04-28 12:58:20,"recv: FFD7{""qr_id"":""3ae""}","FFD7{""qr_id"":""3ae""}"
2026-04-28 12:59:17,"recv: FFD9{""qr_id"":""3af""}","FFD9{""qr_id"":""3af""}"
2026-04-28 13:00:20,"recv: FFD8{""qr_id"":""3b0""}","FFD8{""qr_id"":""3b0""}"
2026-04-28 13:01:17,"recv: FFD5{""qr_id"":""3b1""}","FFD5{""qr_id"":""3b1""}"
2026-04-28 13:02:20,"recv: FFDA{""qr_id"":""3b2""}","FFDA{""qr_id"":""3b2""}"
2026-04-28 13:03:17,"recv: FFDA{""qr_id"":""3b3""}","FFDA{""qr_id"":""3b3""}"
2026-04-28 13:04:20,"recv: FFDA{""qr_id"":""3b4""}","FFDA{""qr_id"":""3b4""}"
2026-04-28 13:05:17,"recv: FFDA{""qr_id"":""3b5""}","FFDA{""qr_id"":""3b5""}"
2026-04-28 13:06:20,"recv: FFD9{""qr_id"":""3b6""}","FFD9{""qr_id"":""3b6""}"
2026-04-28 13:07:20,"recv: FFDA{""qr_id"":""3b7""}","FFDA{""qr_id"":""3b7""}"
2026-04-28 13:08:17,"recv: FFDA{""qr_id"":""3b8""}","FFDA{""qr_id"":""3b8""}"
2026-04-28 13:09:20,"recv: FFDA{""qr_id"":""3b9""}","FFDA{""qr_id"":""3b9""}"
2026-04-28 13:10:17,"recv: FFDA{""qr_id"":""3ba""}","FFDA{""qr_id"":""3ba""}"
2026-04-28 13:11:20,"recv: FFDA{""qr_id"":""3bb""}","FFDA{""qr_id"":""3bb""}"
2026-04-28 13:12:20,"recv: FFDA{""qr_id"":""3bc""}","FFDA{""qr_id"":""3bc""}"
2026-04-28 13:13:20,"recv: FFDA{""qr_id"":""3bd""}","FFDA{""qr_id"":""3bd""}"
2026-04-28 13:14:17,"recv: FFDA{""qr_id"":""3be""}","FFDA{""qr_id"":""3be""}"
2026-04-28 13:15:17,"recv: FFDA{""qr_id"":""3bf""}","FFDA{""qr_id"":""3bf""}"
2026-04-28 13:16:20,"recv: FFD9{""qr_id"":""3c0""}","FFD9{""qr_id"":""3c0""}"
2026-04-28 13:17:17,"recv: FFDA{""qr_id"":""3c1""}","FFDA{""qr_id"":""3c1""}"
2026-04-28 13:18:20,"recv: FFDA{""qr_id"":""3c2""}","FFDA{""qr_id"":""3c2""}"
2026-04-28 13:19:17,"recv: FFDA{""qr_id"":""3c3""}","FFDA{""qr_id"":""3c3""}"
2026-04-28 13:20:20,"recv: FFDA{""qr_id"":""3c4""}","FFDA{""qr_id"":""3c4""}"
2026-04-28 13:21:17,"recv: FFDA{""qr_id"":""3c5""}","FFDA{""qr_id"":""3c5""}"
2026-04-28 13:22:20,"recv: FFDA{""qr_id"":""3c6""}","FFDA{""qr_id"":""3c6""}"
2026-04-28 13:23:17,"recv: FFDA{""qr_id"":""3c7""}","FFDA{""qr_id"":""3c7""}"
2026-04-28 13:24:17,"recv: FFDA{""qr_id"":""3c8""}","FFDA{""qr_id"":""3c8""}"
2026-04-28 13:25:20,"recv: FFDA{""qr_id"":""3c9""}","FFDA{""qr_id"":""3c9""}"
2026-04-28 13:26:20,"recv: FFDA{""qr_id"":""3ca""}","FFDA{""qr_id"":""3ca""}"
2026-04-28 13:27:20,"recv: FFDA{""qr_id"":""3cb""}","FFDA{""qr_id"":""3cb""}"
2026-04-28 13:28:20,"recv: FFDA{""qr_id"":""3cc""}","FFDA{""qr_id"":""3cc""}"
2026-04-28 13:29:17,"recv: FFDA{""qr_id"":""3cd""}","FFDA{""qr_id"":""3cd""}"
2026-04-28 13:30:20,"recv: FFDA{""qr_id"":""3ce""}","FFDA{""qr_id"":""3ce""}"
2026-04-28 13:31:20,"recv: FFDA{""qr_id"":""3cf""}","FFDA{""qr_id"":""3cf""}"
2026-04-28 13:32:20,"recv: FFDA{""qr_id"":""3d0""}","FFDA{""qr_id"":""3d0""}"
2026-04-28 13:33:20,"recv: FFDA{""qr_id"":""3d1""}","FFDA{""qr_id"":""3d1""}"
2026-04-28 13:34:20,"recv: FFD9{""qr_id"":""3d2""}","FFD9{""qr_id"":""3d2""}"
2026-04-28 13:35:17,"recv: FFD9{""qr_id"":""3d3""}","FFD9{""qr_id"":""3d3""}"
2026-04-28 13:36:20,"recv: FFD9{""qr_id"":""3d4""}","FFD9{""qr_id"":""3d4""}"
2026-04-28 13:37:17,"recv: FFDA{""qr_id"":""3d5""}","FFDA{""qr_id"":""3d5""}"
2026-04-28 13:38:20,"recv: FFDA{""qr_id"":""3d6""}","FFDA{""qr_id"":""3d6""}"
2026-04-28 13:39:20,"recv: FFDA{""qr_id"":""3d7""}","FFDA{""qr_id"":""3d7""}"
2026-04-28 13:40:20,"recv: FFDA{""qr_id"":""3d8""}","FFDA{""qr_id"":""3d8""}"
2026-04-28 13:41:20,"recv: FFDA{""qr_id"":""3d9""}","FFDA{""qr_id"":""3d9""}"
2026-04-28 13:42:17,"recv: FFDA{""qr_id"":""3da""}","FFDA{""qr_id"":""3da""}"
2026-04-28 13:43:20,"recv: FFDA{""qr_id"":""3db""}","FFDA{""qr_id"":""3db""}"
2026-04-28 13:44:20,"recv: FFDA{""qr_id"":""3dc""}","FFDA{""qr_id"":""3dc""}"
2026-04-28 13:45:17,"recv: FFD5{""qr_id"":""3dd""}","FFD5{""qr_id"":""3dd""}"
2026-04-28 13:46:20,"recv: FFD4{""qr_id"":""3de""}","FFD4{""qr_id"":""3de""}"
2026-04-28 13:47:17,"recv: FFD5{""qr_id"":""3df""}","FFD5{""qr_id"":""3df""}"
2026-04-28 13:48:17,"recv: FFD3{""qr_id"":""3e0""}","FFD3{""qr_id"":""3e0""}"
2026-04-28 13:49:20,"recv: FFD6{""qr_id"":""3e1""}","FFD6{""qr_id"":""3e1""}"
2026-04-28 13:50:20,"recv: FFD8{""qr_id"":""3e2""}","FFD8{""qr_id"":""3e2""}"
2026-04-28 13:51:20,"recv: FFD5{""qr_id"":""3e3""}","FFD5{""qr_id"":""3e3""}"
2026-04-28 13:52:20,"recv: FFCF{""qr_id"":""3e4""}","FFCF{""qr_id"":""3e4""}"
2026-04-28 13:53:20,"recv: FFCD{""qr_id"":""3e5""}","FFCD{""qr_id"":""3e5""}"
2026-04-28 13:54:17,"recv: FFCD{""qr_id"":""3e6""}","FFCD{""qr_id"":""3e6""}"
2026-04-28 13:55:20,"recv: FFCE{""qr_id"":""3e7""}","FFCE{""qr_id"":""3e7""}"
2026-04-28 13:56:17,"recv: FFCC{""qr_id"":""3e8""}","FFCC{""qr_id"":""3e8""}"
2026-04-28 13:57:20,"recv: FFD2{""qr_id"":""3e9""}","FFD2{""qr_id"":""3e9""}"
2026-04-28 13:58:20,"recv: FFD3{""qr_id"":""3ea""}","FFD3{""qr_id"":""3ea""}"
2026-04-28 13:59:20,"recv: FFCB{""qr_id"":""3eb""}","FFCB{""qr_id"":""3eb""}"
2026-04-28 14:00:17,"recv: FFCE{""qr_id"":""3ec""}","FFCE{""qr_id"":""3ec""}"
2026-04-28 14:01:20,"recv: FFD8{""qr_id"":""3ed""}","FFD8{""qr_id"":""3ed""}"
2026-04-28 14:02:20,"recv: FFCE{""qr_id"":""3ee""}","FFCE{""qr_id"":""3ee""}"
2026-04-28 14:03:20,"recv: FFD5{""qr_id"":""3ef""}","FFD5{""qr_id"":""3ef""}"
2026-04-28 14:04:20,"recv: FFD1{""qr_id"":""3f0""}","FFD1{""qr_id"":""3f0""}"
2026-04-28 14:05:17,"recv: FFD1{""qr_id"":""3f1""}","FFD1{""qr_id"":""3f1""}"
2026-04-28 14:06:20,"recv: FFD0{""qr_id"":""3f2""}","FFD0{""qr_id"":""3f2""}"
2026-04-28 14:07:20,"recv: FFD8{""qr_id"":""3f3""}","FFD8{""qr_id"":""3f3""}"
2026-04-28 14:08:20,"recv: FFD8{""qr_id"":""3f4""}","FFD8{""qr_id"":""3f4""}"
2026-04-28 14:09:20,"recv: FFD8{""qr_id"":""3f5""}","FFD8{""qr_id"":""3f5""}"
2026-04-28 14:10:17,"recv: FFD8{""qr_id"":""3f6""}","FFD8{""qr_id"":""3f6""}"
2026-04-28 14:11:20,"recv: FFD8{""qr_id"":""3f7""}","FFD8{""qr_id"":""3f7""}"
2026-04-28 14:12:17,"recv: FFD8{""qr_id"":""3f8""}","FFD8{""qr_id"":""3f8""}"
2026-04-28 14:13:20,"recv: FFD8{""qr_id"":""3f9""}","FFD8{""qr_id"":""3f9""}"
2026-04-28 14:14:20,"recv: FFD8{""qr_id"":""3fa""}","FFD8{""qr_id"":""3fa""}"
2026-04-28 14:15:20,"recv: FFD8{""qr_id"":""3fb""}","FFD8{""qr_id"":""3fb""}"
2026-04-28 14:16:17,"recv: FFD4{""qr_id"":""3fc""}","FFD4{""qr_id"":""3fc""}"
2026-04-28 14:17:01,"recv: FFCD{""qr_id"":""1""}","FFCD{""qr_id"":""1""}"
2026-04-28 14:18:05,"recv: FFC9{""qr_id"":""2""}","FFC9{""qr_id"":""2""}"
2026-04-28 14:19:03,"recv: FFCA{""qr_id"":""3""}","FFCA{""qr_id"":""3""}"
2026-04-28 14:20:03,"recv: FFC9{""qr_id"":""4""}","FFC9{""qr_id"":""4""}"
2026-04-28 14:21:05,"recv: FFCC{""qr_id"":""5""}","FFCC{""qr_id"":""5""}"
2026-04-28 14:22:03,"recv: FFCD{""qr_id"":""6""}","FFCD{""qr_id"":""6""}"
2026-04-28 14:23:05,"recv: FFCC{""qr_id"":""7""}","FFCC{""qr_id"":""7""}"
2026-04-28 14:24:05,"recv: FFCE{""qr_id"":""8""}","FFCE{""qr_id"":""8""}"
2026-04-28 14:25:05,"recv: FFCE{""qr_id"":""9""}","FFCE{""qr_id"":""9""}"
2026-04-28 14:26:03,"recv: FFCA{""qr_id"":""a""}","FFCA{""qr_id"":""a""}"
2026-04-28 14:27:03,"recv: FFCE{""qr_id"":""b""}","FFCE{""qr_id"":""b""}"
2026-04-28 14:28:05,"recv: FFC8{""qr_id"":""c""}","FFC8{""qr_id"":""c""}"
2026-04-28 14:29:03,"recv: FFCB{""qr_id"":""d""}","FFCB{""qr_id"":""d""}"
2026-04-28 14:30:05,"recv: FFCD{""qr_id"":""e""}","FFCD{""qr_id"":""e""}"
2026-04-28 14:31:03,"recv: FFCB{""qr_id"":""f""}","FFCB{""qr_id"":""f""}"
2026-04-28 14:32:06,"recv: FFCE{""qr_id"":""10""}","FFCE{""qr_id"":""10""}"
2026-04-28 14:33:03,"recv: FFCA{""qr_id"":""11""}","FFCA{""qr_id"":""11""}"
2026-04-28 14:34:06,"recv: FFCF{""qr_id"":""12""}","FFCF{""qr_id"":""12""}"
2026-04-28 14:35:03,"recv: FFC9{""qr_id"":""13""}","FFC9{""qr_id"":""13""}"
2026-04-28 14:36:06,"recv: FFCC{""qr_id"":""14""}","FFCC{""qr_id"":""14""}"
2026-04-28 14:37:03,"recv: FFCE{""qr_id"":""15""}","FFCE{""qr_id"":""15""}"
2026-04-28 14:38:03,"recv: FFCE{""qr_id"":""16""}","FFCE{""qr_id"":""16""}"
2026-04-28 14:39:06,"recv: FFCA{""qr_id"":""17""}","FFCA{""qr_id"":""17""}"
2026-04-28 14:40:03,"recv: FFCC{""qr_id"":""18""}","FFCC{""qr_id"":""18""}"
2026-04-28 14:41:03,"recv: FFCC{""qr_id"":""19""}","FFCC{""qr_id"":""19""}"
2026-04-28 14:42:06,"recv: FFCE{""qr_id"":""1a""}","FFCE{""qr_id"":""1a""}"
2026-04-28 14:43:03,"recv: FFCB{""qr_id"":""1b""}","FFCB{""qr_id"":""1b""}"
2026-04-28 14:44:03,"recv: FFCE{""qr_id"":""1c""}","FFCE{""qr_id"":""1c""}"
2026-04-28 14:45:03,"recv: FFCA{""qr_id"":""1d""}","FFCA{""qr_id"":""1d""}"
2026-04-28 14:46:03,"recv: FFCA{""qr_id"":""1e""}","FFCA{""qr_id"":""1e""}"
2026-04-28 14:47:03,"recv: FFCD{""qr_id"":""1f""}","FFCD{""qr_id"":""1f""}"
2026-04-28 14:48:06,"recv: FFCB{""qr_id"":""20""}","FFCB{""qr_id"":""20""}"
2026-04-28 14:49:03,"recv: FFCF{""qr_id"":""21""}","FFCF{""qr_id"":""21""}"
2026-04-28 14:50:03,"recv: FFCC{""qr_id"":""22""}","FFCC{""qr_id"":""22""}"
2026-04-28 14:51:03,"recv: FFD0{""qr_id"":""23""}","FFD0{""qr_id"":""23""}"
2026-04-28 14:52:03,"recv: FFCA{""qr_id"":""24""}","FFCA{""qr_id"":""24""}"
2026-04-28 14:53:03,"recv: FFCF{""qr_id"":""25""}","FFCF{""qr_id"":""25""}"
2026-04-28 14:54:03,"recv: FFCE{""qr_id"":""26""}","FFCE{""qr_id"":""26""}"
2026-04-28 14:55:03,"recv: FFCF{""qr_id"":""27""}","FFCF{""qr_id"":""27""}"
2026-04-28 14:56:03,"recv: FFCD{""qr_id"":""28""}","FFCD{""qr_id"":""28""}"
2026-04-28 14:57:03,"recv: FFCF{""qr_id"":""29""}","FFCF{""qr_id"":""29""}"
2026-04-28 14:58:03,"recv: FFCE{""qr_id"":""2a""}","FFCE{""qr_id"":""2a""}"
2026-04-28 14:59:03,"recv: FFD0{""qr_id"":""2b""}","FFD0{""qr_id"":""2b""}"
2026-04-28 15:00:03,"recv: FFCC{""qr_id"":""2c""}","FFCC{""qr_id"":""2c""}"
2026-04-28 15:01:03,"recv: FFCF{""qr_id"":""2d""}","FFCF{""qr_id"":""2d""}"
2026-04-28 15:02:03,"recv: FFCE{""qr_id"":""2e""}","FFCE{""qr_id"":""2e""}"
2026-04-28 15:03:03,"recv: FFCB{""qr_id"":""2f""}","FFCB{""qr_id"":""2f""}"
2026-04-28 15:04:03,"recv: FFCA{""qr_id"":""30""}","FFCA{""qr_id"":""30""}"
2026-04-28 15:05:03,"recv: FFCD{""qr_id"":""31""}","FFCD{""qr_id"":""31""}"
2026-04-28 15:06:03,"recv: FFCC{""qr_id"":""32""}","FFCC{""qr_id"":""32""}"
2026-04-28 15:07:06,"recv: FFCD{""qr_id"":""33""}","FFCD{""qr_id"":""33""}"
2026-04-28 15:08:03,"recv: FFCD{""qr_id"":""34""}","FFCD{""qr_id"":""34""}"
2026-04-28 15:09:03,"recv: FFD0{""qr_id"":""35""}","FFD0{""qr_id"":""35""}"
2026-04-28 15:10:06,"recv: FFCD{""qr_id"":""36""}","FFCD{""qr_id"":""36""}"
2026-04-28 15:11:03,"recv: FFD0{""qr_id"":""37""}","FFD0{""qr_id"":""37""}"
2026-04-28 15:12:06,"recv: FFCE{""qr_id"":""38""}","FFCE{""qr_id"":""38""}"
2026-04-28 15:13:03,"recv: FFCF{""qr_id"":""39""}","FFCF{""qr_id"":""39""}"
2026-04-28 15:14:06,"recv: FFCB{""qr_id"":""3a""}","FFCB{""qr_id"":""3a""}"
2026-04-28 15:15:03,"recv: FFCB{""qr_id"":""3b""}","FFCB{""qr_id"":""3b""}"
2026-04-28 15:16:03,"recv: FFD0{""qr_id"":""3c""}","FFD0{""qr_id"":""3c""}"
2026-04-28 15:17:06,"recv: FFCC{""qr_id"":""3d""}","FFCC{""qr_id"":""3d""}"
2026-04-28 15:18:03,"recv: FFD0{""qr_id"":""3e""}","FFD0{""qr_id"":""3e""}"
2026-04-28 15:19:03,"recv: FFD0{""qr_id"":""3f""}","FFD0{""qr_id"":""3f""}"
2026-04-28 15:20:06,"recv: FFD0{""qr_id"":""40""}","FFD0{""qr_id"":""40""}"
2026-04-28 15:21:03,"recv: FFD0{""qr_id"":""41""}","FFD0{""qr_id"":""41""}"
2026-04-28 15:22:06,"recv: FFCD{""qr_id"":""42""}","FFCD{""qr_id"":""42""}"
2026-04-28 15:23:06,"recv: FFCB{""qr_id"":""43""}","FFCB{""qr_id"":""43""}"
2026-04-28 15:24:03,"recv: FFCD{""qr_id"":""44""}","FFCD{""qr_id"":""44""}"
2026-04-28 15:25:03,"recv: FFCF{""qr_id"":""45""}","FFCF{""qr_id"":""45""}"
2026-04-28 15:26:06,"recv: FFCA{""qr_id"":""46""}","FFCA{""qr_id"":""46""}"
2026-04-28 15:27:03,"recv: FFCD{""qr_id"":""47""}","FFCD{""qr_id"":""47""}"
2026-04-28 15:28:06,"recv: FFCF{""qr_id"":""48""}","FFCF{""qr_id"":""48""}"
2026-04-28 15:29:03,"recv: FFCE{""qr_id"":""49""}","FFCE{""qr_id"":""49""}"
2026-04-28 15:30:06,"recv: FFCB{""qr_id"":""4a""}","FFCB{""qr_id"":""4a""}"
2026-04-28 15:31:03,"recv: FFCC{""qr_id"":""4b""}","FFCC{""qr_id"":""4b""}"
2026-04-28 15:32:06,"recv: FFD0{""qr_id"":""4c""}","FFD0{""qr_id"":""4c""}"
2026-04-28 15:33:06,"recv: FFCA{""qr_id"":""4d""}","FFCA{""qr_id"":""4d""}"
2026-04-28 15:34:03,"recv: FFCF{""qr_id"":""4e""}","FFCF{""qr_id"":""4e""}"
2026-04-28 15:35:06,"recv: FFCB{""qr_id"":""4f""}","FFCB{""qr_id"":""4f""}"
2026-04-28 15:36:03,"recv: FFCC{""qr_id"":""50""}","FFCC{""qr_id"":""50""}"
2026-04-28 15:37:06,"recv: FFCF{""qr_id"":""51""}","FFCF{""qr_id"":""51""}"
2026-04-28 15:38:03,"recv: FFCC{""qr_id"":""52""}","FFCC{""qr_id"":""52""}"
2026-04-28 15:39:06,"recv: FFCF{""qr_id"":""53""}","FFCF{""qr_id"":""53""}"
2026-04-28 15:40:03,"recv: FFCE{""qr_id"":""54""}","FFCE{""qr_id"":""54""}"
2026-04-28 15:41:03,"recv: FFD0{""qr_id"":""55""}","FFD0{""qr_id"":""55""}"
2026-04-28 15:42:06,"recv: FFCE{""qr_id"":""56""}","FFCE{""qr_id"":""56""}"
2026-04-28 15:43:03,"recv: FFCE{""qr_id"":""57""}","FFCE{""qr_id"":""57""}"
2026-04-28 15:44:06,"recv: FFCD{""qr_id"":""58""}","FFCD{""qr_id"":""58""}"
2026-04-28 15:45:03,"recv: FFCB{""qr_id"":""59""}","FFCB{""qr_id"":""59""}"
2026-04-28 15:46:06,"recv: FFCD{""qr_id"":""5a""}","FFCD{""qr_id"":""5a""}"
2026-04-28 15:47:06,"recv: FFCE{""qr_id"":""5b""}","FFCE{""qr_id"":""5b""}"
2026-04-28 15:48:03,"recv: FFD0{""qr_id"":""5c""}","FFD0{""qr_id"":""5c""}"
2026-04-28 15:49:06,"recv: FFCF{""qr_id"":""5d""}","FFCF{""qr_id"":""5d""}"
2026-04-28 15:50:06,"recv: FFD0{""qr_id"":""5e""}","FFD0{""qr_id"":""5e""}"
2026-04-28 15:51:04,"recv: FFCE{""qr_id"":""5f""}","FFCE{""qr_id"":""5f""}"
2026-04-28 15:52:04,"recv: FFCB{""qr_id"":""60""}","FFCB{""qr_id"":""60""}"
2026-04-28 15:53:06,"recv: FFCE{""qr_id"":""61""}","FFCE{""qr_id"":""61""}"
2026-04-28 15:54:04,"recv: FFCC{""qr_id"":""62""}","FFCC{""qr_id"":""62""}"
2026-04-28 15:55:06,"recv: FFCE{""qr_id"":""63""}","FFCE{""qr_id"":""63""}"
2026-04-28 15:56:06,"recv: FFCA{""qr_id"":""64""}","FFCA{""qr_id"":""64""}"
2026-04-28 15:57:04,"recv: FFCB{""qr_id"":""65""}","FFCB{""qr_id"":""65""}"
2026-04-28 15:58:06,"recv: FFCC{""qr_id"":""66""}","FFCC{""qr_id"":""66""}"
2026-04-28 15:59:06,"recv: FFCA{""qr_id"":""67""}","FFCA{""qr_id"":""67""}"
2026-04-28 16:00:06,"recv: FFD0{""qr_id"":""68""}","FFD0{""qr_id"":""68""}"
2026-04-28 16:01:04,"recv: FFCE{""qr_id"":""69""}","FFCE{""qr_id"":""69""}"
2026-04-28 16:02:06,"recv: FFCB{""qr_id"":""6a""}","FFCB{""qr_id"":""6a""}"
2026-04-28 16:03:04,"recv: FFCF{""qr_id"":""6b""}","FFCF{""qr_id"":""6b""}"
2026-04-28 16:04:06,"recv: FFCC{""qr_id"":""6c""}","FFCC{""qr_id"":""6c""}"
2026-04-28 16:05:06,"recv: FFCA{""qr_id"":""6d""}","FFCA{""qr_id"":""6d""}"
2026-04-28 16:06:06,"recv: FFCA{""qr_id"":""6e""}","FFCA{""qr_id"":""6e""}"
2026-04-28 16:07:04,"recv: FFCF{""qr_id"":""6f""}","FFCF{""qr_id"":""6f""}"
2026-04-28 16:08:06,"recv: FFCC{""qr_id"":""70""}","FFCC{""qr_id"":""70""}"
2026-04-28 16:09:06,"recv: FFCF{""qr_id"":""71""}","FFCF{""qr_id"":""71""}"
2026-04-28 16:10:04,"recv: FFCF{""qr_id"":""72""}","FFCF{""qr_id"":""72""}"
2026-04-28 16:11:06,"recv: FFCC{""qr_id"":""73""}","FFCC{""qr_id"":""73""}"
2026-04-28 16:12:06,"recv: FFD0{""qr_id"":""74""}","FFD0{""qr_id"":""74""}"
2026-04-28 16:13:04,"recv: FFCF{""qr_id"":""75""}","FFCF{""qr_id"":""75""}"
2026-04-28 16:14:06,"recv: FFCD{""qr_id"":""76""}","FFCD{""qr_id"":""76""}"
2026-04-28 16:15:06,"recv: FFCA{""qr_id"":""77""}","FFCA{""qr_id"":""77""}"
2026-04-28 16:16:06,"recv: FFCD{""qr_id"":""78""}","FFCD{""qr_id"":""78""}"
2026-04-28 16:17:04,"recv: FFCB{""qr_id"":""79""}","FFCB{""qr_id"":""79""}"
2026-04-28 16:18:06,"recv: FFCD{""qr_id"":""7a""}","FFCD{""qr_id"":""7a""}"
2026-04-28 16:19:04,"recv: FFCD{""qr_id"":""7b""}","FFCD{""qr_id"":""7b""}"
2026-04-28 16:20:06,"recv: FFCF{""qr_id"":""7c""}","FFCF{""qr_id"":""7c""}"
2026-04-28 16:21:06,"recv: FFCF{""qr_id"":""7d""}","FFCF{""qr_id"":""7d""}"
2026-04-28 16:22:06,"recv: FFCA{""qr_id"":""7e""}","FFCA{""qr_id"":""7e""}"
2026-04-28 16:23:06,"recv: FFCD{""qr_id"":""7f""}","FFCD{""qr_id"":""7f""}"
2026-04-28 16:24:04,"recv: FFCD{""qr_id"":""80""}","FFCD{""qr_id"":""80""}"
2026-04-28 16:25:06,"recv: FFCF{""qr_id"":""81""}","FFCF{""qr_id"":""81""}"
2026-04-28 16:26:04,"recv: FFCF{""qr_id"":""82""}","FFCF{""qr_id"":""82""}"
2026-04-28 16:27:06,"recv: FFCA{""qr_id"":""83""}","FFCA{""qr_id"":""83""}"
2026-04-28 16:28:04,"recv: FFD0{""qr_id"":""84""}","FFD0{""qr_id"":""84""}"
2026-04-28 16:29:06,"recv: FFCD{""qr_id"":""85""}","FFCD{""qr_id"":""85""}"
2026-04-28 16:30:04,"recv: FFCE{""qr_id"":""86""}","FFCE{""qr_id"":""86""}"
2026-04-28 16:31:04,"recv: FFCB{""qr_id"":""87""}","FFCB{""qr_id"":""87""}"
2026-04-28 16:32:04,"recv: FFCA{""qr_id"":""88""}","FFCA{""qr_id"":""88""}"
2026-04-28 16:33:04,"recv: FFCA{""qr_id"":""89""}","FFCA{""qr_id"":""89""}"
2026-04-28 16:34:04,"recv: FFCA{""qr_id"":""8a""}","FFCA{""qr_id"":""8a""}"
2026-04-28 16:35:04,"recv: FFCA{""qr_id"":""8b""}","FFCA{""qr_id"":""8b""}"
2026-04-28 16:36:04,"recv: FFCD{""qr_id"":""8c""}","FFCD{""qr_id"":""8c""}"
2026-04-28 16:37:04,"recv: FFCF{""qr_id"":""8d""}","FFCF{""qr_id"":""8d""}"
2026-04-28 16:38:04,"recv: FFCC{""qr_id"":""8e""}","FFCC{""qr_id"":""8e""}"
2026-04-28 16:39:04,"recv: FFCE{""qr_id"":""8f""}","FFCE{""qr_id"":""8f""}"
2026-04-28 16:40:04,"recv: FFCF{""qr_id"":""90""}","FFCF{""qr_id"":""90""}"
2026-04-28 16:41:04,"recv: FFCE{""qr_id"":""91""}","FFCE{""qr_id"":""91""}"
2026-04-28 16:42:04,"recv: FFCB{""qr_id"":""92""}","FFCB{""qr_id"":""92""}"
2026-04-28 16:43:04,"recv: FFCE{""qr_id"":""93""}","FFCE{""qr_id"":""93""}"
2026-04-28 16:44:04,"recv: FFCB{""qr_id"":""94""}","FFCB{""qr_id"":""94""}"
2026-04-28 16:45:04,"recv: FFCF{""qr_id"":""95""}","FFCF{""qr_id"":""95""}"
2026-04-28 16:46:04,"recv: FFCF{""qr_id"":""96""}","FFCF{""qr_id"":""96""}"
2026-04-28 16:47:04,"recv: FFCC{""qr_id"":""97""}","FFCC{""qr_id"":""97""}"
2026-04-28 16:48:04,"recv: FFCF{""qr_id"":""98""}","FFCF{""qr_id"":""98""}"
2026-04-28 16:49:04,"recv: FFCC{""qr_id"":""99""}","FFCC{""qr_id"":""99""}"
2026-04-28 16:50:04,"recv: FFD1{""qr_id"":""9a""}","FFD1{""qr_id"":""9a""}"
2026-04-28 16:51:04,"recv: FFCD{""qr_id"":""9b""}","FFCD{""qr_id"":""9b""}"
2026-04-28 16:52:04,"recv: FFCC{""qr_id"":""9c""}","FFCC{""qr_id"":""9c""}"
2026-04-28 16:53:04,"recv: FFCF{""qr_id"":""9d""}","FFCF{""qr_id"":""9d""}"
2026-04-28 16:54:04,"recv: FFCB{""qr_id"":""9e""}","FFCB{""qr_id"":""9e""}"
2026-04-28 16:55:04,"recv: FFCC{""qr_id"":""9f""}","FFCC{""qr_id"":""9f""}"
2026-04-28 16:56:04,"recv: FFCB{""qr_id"":""a0""}","FFCB{""qr_id"":""a0""}"
2026-04-28 16:57:04,"recv: FFCC{""qr_id"":""a1""}","FFCC{""qr_id"":""a1""}"
2026-04-28 16:58:04,"recv: FFCB{""qr_id"":""a2""}","FFCB{""qr_id"":""a2""}"
2026-04-28 16:59:04,"recv: FFCB{""qr_id"":""a3""}","FFCB{""qr_id"":""a3""}"
2026-04-28 17:00:04,"recv: FFCB{""qr_id"":""a4""}","FFCB{""qr_id"":""a4""}"
2026-04-28 17:01:04,"recv: FFCB{""qr_id"":""a5""}","FFCB{""qr_id"":""a5""}"
2026-04-28 17:02:04,"recv: FFCE{""qr_id"":""a6""}","FFCE{""qr_id"":""a6""}"
2026-04-28 17:03:06,"recv: FFCB{""qr_id"":""a7""}","FFCB{""qr_id"":""a7""}"
2026-04-28 17:04:04,"recv: FFCA{""qr_id"":""a8""}","FFCA{""qr_id"":""a8""}"
2026-04-28 17:05:04,"recv: FFCA{""qr_id"":""a9""}","FFCA{""qr_id"":""a9""}"
2026-04-28 17:06:06,"recv: FFCB{""qr_id"":""aa""}","FFCB{""qr_id"":""aa""}"
2026-04-28 17:07:04,"recv: FFCE{""qr_id"":""ab""}","FFCE{""qr_id"":""ab""}"
2026-04-28 17:08:04,"recv: FFCC{""qr_id"":""ac""}","FFCC{""qr_id"":""ac""}"
2026-04-28 17:09:06,"recv: FFCF{""qr_id"":""ad""}","FFCF{""qr_id"":""ad""}"
2026-04-28 17:10:04,"recv: FFCD{""qr_id"":""ae""}","FFCD{""qr_id"":""ae""}"
2026-04-28 17:11:04,"recv: FFCF{""qr_id"":""af""}","FFCF{""qr_id"":""af""}"
2026-04-28 17:12:04,"recv: FFCE{""qr_id"":""b0""}","FFCE{""qr_id"":""b0""}"
2026-04-28 17:13:06,"recv: FFCF{""qr_id"":""b1""}","FFCF{""qr_id"":""b1""}"
2026-04-28 17:14:04,"recv: FFCE{""qr_id"":""b2""}","FFCE{""qr_id"":""b2""}"
2026-04-28 17:15:06,"recv: FFCC{""qr_id"":""b3""}","FFCC{""qr_id"":""b3""}"
2026-04-28 17:16:04,"recv: FFCB{""qr_id"":""b4""}","FFCB{""qr_id"":""b4""}"
2026-04-28 17:17:06,"recv: FFCF{""qr_id"":""b5""}","FFCF{""qr_id"":""b5""}"
2026-04-28 17:18:04,"recv: FFCB{""qr_id"":""b6""}","FFCB{""qr_id"":""b6""}"
2026-04-28 17:19:06,"recv: FFD0{""qr_id"":""b7""}","FFD0{""qr_id"":""b7""}"
2026-04-28 17:20:06,"recv: FFCB{""qr_id"":""b8""}","FFCB{""qr_id"":""b8""}"
2026-04-28 17:21:04,"recv: FFCA{""qr_id"":""b9""}","FFCA{""qr_id"":""b9""}"
2026-04-28 17:22:04,"recv: FFCE{""qr_id"":""ba""}","FFCE{""qr_id"":""ba""}"
2026-04-28 17:23:06,"recv: FFC9{""qr_id"":""bb""}","FFC9{""qr_id"":""bb""}"
2026-04-28 17:24:04,"recv: FFCD{""qr_id"":""bc""}","FFCD{""qr_id"":""bc""}"
2026-04-28 17:25:06,"recv: FFCC{""qr_id"":""bd""}","FFCC{""qr_id"":""bd""}"
2026-04-28 17:26:04,"recv: FFCB{""qr_id"":""be""}","FFCB{""qr_id"":""be""}"
2026-04-28 17:27:06,"recv: FFC9{""qr_id"":""bf""}","FFC9{""qr_id"":""bf""}"
2026-04-28 17:28:04,"recv: FFCE{""qr_id"":""c0""}","FFCE{""qr_id"":""c0""}"
2026-04-28 17:29:04,"recv: FFCE{""qr_id"":""c1""}","FFCE{""qr_id"":""c1""}"
2026-04-28 17:30:04,"recv: FFC9{""qr_id"":""c2""}","FFC9{""qr_id"":""c2""}"
2026-04-28 17:31:06,"recv: FFCA{""qr_id"":""c3""}","FFCA{""qr_id"":""c3""}"
2026-04-28 17:32:04,"recv: FFC8{""qr_id"":""c4""}","FFC8{""qr_id"":""c4""}"
2026-04-28 17:33:06,"recv: FFCE{""qr_id"":""c5""}","FFCE{""qr_id"":""c5""}"
2026-04-28 17:34:04,"recv: FFCB{""qr_id"":""c6""}","FFCB{""qr_id"":""c6""}"
2026-04-28 17:35:04,"recv: FFCE{""qr_id"":""c7""}","FFCE{""qr_id"":""c7""}"
2026-04-28 17:36:06,"recv: FFCF{""qr_id"":""c8""}","FFCF{""qr_id"":""c8""}"
2026-04-28 17:37:06,"recv: FFCF{""qr_id"":""c9""}","FFCF{""qr_id"":""c9""}"
2026-04-28 17:38:06,"recv: FFCE{""qr_id"":""ca""}","FFCE{""qr_id"":""ca""}"
2026-04-28 17:39:04,"recv: FFCF{""qr_id"":""cb""}","FFCF{""qr_id"":""cb""}"
2026-04-28 17:40:06,"recv: FFCD{""qr_id"":""cc""}","FFCD{""qr_id"":""cc""}"
2026-04-28 17:41:04,"recv: FFCB{""qr_id"":""cd""}","FFCB{""qr_id"":""cd""}"
2026-04-28 17:42:06,"recv: FFCE{""qr_id"":""ce""}","FFCE{""qr_id"":""ce""}"
2026-04-28 17:43:06,"recv: FFCA{""qr_id"":""cf""}","FFCA{""qr_id"":""cf""}"
2026-04-28 17:44:04,"recv: FFCF{""qr_id"":""d0""}","FFCF{""qr_id"":""d0""}"
2026-04-28 17:45:06,"recv: FFCE{""qr_id"":""d1""}","FFCE{""qr_id"":""d1""}"
2026-04-28 17:46:04,"recv: FFCE{""qr_id"":""d2""}","FFCE{""qr_id"":""d2""}"
2026-04-28 17:47:06,"recv: FFCE{""qr_id"":""d3""}","FFCE{""qr_id"":""d3""}"
2026-04-28 17:48:06,"recv: FFCF{""qr_id"":""d4""}","FFCF{""qr_id"":""d4""}"
2026-04-28 17:49:04,"recv: FFCC{""qr_id"":""d5""}","FFCC{""qr_id"":""d5""}"
2026-04-28 17:50:06,"recv: FFCD{""qr_id"":""d6""}","FFCD{""qr_id"":""d6""}"
2026-04-28 17:51:04,"recv: FFCB{""qr_id"":""d7""}","FFCB{""qr_id"":""d7""}"
2026-04-28 17:52:06,"recv: FFCF{""qr_id"":""d8""}","FFCF{""qr_id"":""d8""}"
2026-04-28 17:53:04,"recv: FFCF{""qr_id"":""d9""}","FFCF{""qr_id"":""d9""}"
2026-04-28 17:54:06,"recv: FFC9{""qr_id"":""da""}","FFC9{""qr_id"":""da""}"
2026-04-28 17:55:06,"recv: FFCE{""qr_id"":""db""}","FFCE{""qr_id"":""db""}"
2026-04-28 17:56:04,"recv: FFCE{""qr_id"":""dc""}","FFCE{""qr_id"":""dc""}"
2026-04-28 17:57:06,"recv: FFCF{""qr_id"":""dd""}","FFCF{""qr_id"":""dd""}"
2026-04-28 17:58:04,"recv: FFCF{""qr_id"":""de""}","FFCF{""qr_id"":""de""}"
2026-04-28 17:59:06,"recv: FFCF{""qr_id"":""df""}","FFCF{""qr_id"":""df""}"
2026-04-28 18:00:04,"recv: FFCF{""qr_id"":""e0""}","FFCF{""qr_id"":""e0""}"
2026-04-28 18:01:06,"recv: FFCD{""qr_id"":""e1""}","FFCD{""qr_id"":""e1""}"
2026-04-28 18:02:04,"recv: FFD0{""qr_id"":""e2""}","FFD0{""qr_id"":""e2""}"
2026-04-28 18:03:06,"recv: FFCA{""qr_id"":""e3""}","FFCA{""qr_id"":""e3""}"
2026-04-28 18:04:04,"recv: FFCE{""qr_id"":""e4""}","FFCE{""qr_id"":""e4""}"
2026-04-28 18:05:06,"recv: FFCC{""qr_id"":""e5""}","FFCC{""qr_id"":""e5""}"
2026-04-28 18:06:06,"recv: FFCE{""qr_id"":""e6""}","FFCE{""qr_id"":""e6""}"
2026-04-28 18:07:04,"recv: FFCC{""qr_id"":""e7""}","FFCC{""qr_id"":""e7""}"
2026-04-28 18:08:06,"recv: FFCE{""qr_id"":""e8""}","FFCE{""qr_id"":""e8""}"
2026-04-28 18:09:06,"recv: FFCF{""qr_id"":""e9""}","FFCF{""qr_id"":""e9""}"
2026-04-28 18:10:04,"recv: FFCF{""qr_id"":""ea""}","FFCF{""qr_id"":""ea""}"
2026-04-28 18:11:06,"recv: FFCB{""qr_id"":""eb""}","FFCB{""qr_id"":""eb""}"
2026-04-28 18:12:04,"recv: FFCA{""qr_id"":""ec""}","FFCA{""qr_id"":""ec""}"
2026-04-28 18:13:04,"recv: FFCC{""qr_id"":""ed""}","FFCC{""qr_id"":""ed""}"
2026-04-28 18:14:06,"recv: FFCF{""qr_id"":""ee""}","FFCF{""qr_id"":""ee""}"
2026-04-28 18:15:04,"recv: FFCA{""qr_id"":""ef""}","FFCA{""qr_id"":""ef""}"
2026-04-28 18:16:06,"recv: FFC9{""qr_id"":""f0""}","FFC9{""qr_id"":""f0""}"
2026-04-28 18:17:06,"recv: FFD0{""qr_id"":""f1""}","FFD0{""qr_id"":""f1""}"
2026-04-28 18:18:06,"recv: FFD3{""qr_id"":""f2""}","FFD3{""qr_id"":""f2""}"
2026-04-28 18:19:04,"recv: FFD2{""qr_id"":""f3""}","FFD2{""qr_id"":""f3""}"
2026-04-28 18:20:06,"recv: FFD1{""qr_id"":""f4""}","FFD1{""qr_id"":""f4""}"
2026-04-28 18:21:04,"recv: FFCD{""qr_id"":""f5""}","FFCD{""qr_id"":""f5""}"
2026-04-28 18:22:06,"recv: FFD6{""qr_id"":""f6""}","FFD6{""qr_id"":""f6""}"
2026-04-28 18:23:04,"recv: FFC7{""qr_id"":""f7""}","FFC7{""qr_id"":""f7""}"
2026-04-28 18:24:06,"recv: FFCD{""qr_id"":""f8""}","FFCD{""qr_id"":""f8""}"
2026-04-28 18:25:04,"recv: FFCE{""qr_id"":""f9""}","FFCE{""qr_id"":""f9""}"
2026-04-28 18:26:06,"recv: FFCD{""qr_id"":""fa""}","FFCD{""qr_id"":""fa""}"
2026-04-28 18:27:04,"recv: FFD0{""qr_id"":""fb""}","FFD0{""qr_id"":""fb""}"
2026-04-28 18:28:06,"recv: FFCF{""qr_id"":""fc""}","FFCF{""qr_id"":""fc""}"
2026-04-28 18:29:04,"recv: FFCE{""qr_id"":""fd""}","FFCE{""qr_id"":""fd""}"
2026-04-28 18:30:04,"recv: FFCE{""qr_id"":""fe""}","FFCE{""qr_id"":""fe""}"
2026-04-28 18:31:06,"recv: FFCF{""qr_id"":""ff""}","FFCF{""qr_id"":""ff""}"
2026-04-28 18:32:06,"recv: FFD0{""qr_id"":""100""}","FFD0{""qr_id"":""100""}"
2026-04-28 18:33:06,"recv: FFD0{""qr_id"":""101""}","FFD0{""qr_id"":""101""}"
2026-04-28 18:34:06,"recv: FFCC{""qr_id"":""102""}","FFCC{""qr_id"":""102""}"
2026-04-28 18:35:06,"recv: FFC2{""qr_id"":""103""}","FFC2{""qr_id"":""103""}"
2026-04-28 18:36:06,"recv: FFC9{""qr_id"":""104""}","FFC9{""qr_id"":""104""}"
2026-04-28 18:37:04,"recv: FFC8{""qr_id"":""105""}","FFC8{""qr_id"":""105""}"
2026-04-28 18:38:06,"recv: FFC9{""qr_id"":""106""}","FFC9{""qr_id"":""106""}"
2026-04-28 18:39:04,"recv: FFC8{""qr_id"":""107""}","FFC8{""qr_id"":""107""}"
2026-04-28 18:40:06,"recv: FFCB{""qr_id"":""108""}","FFCB{""qr_id"":""108""}"
2026-04-28 18:41:06,"recv: FFD0{""qr_id"":""109""}","FFD0{""qr_id"":""109""}"
2026-04-28 18:42:04,"recv: FFCF{""qr_id"":""10a""}","FFCF{""qr_id"":""10a""}"
2026-04-28 18:43:06,"recv: FFCA{""qr_id"":""10b""}","FFCA{""qr_id"":""10b""}"
2026-04-28 18:44:04,"recv: FFC9{""qr_id"":""10c""}","FFC9{""qr_id"":""10c""}"
2026-04-28 18:45:06,"recv: FFCA{""qr_id"":""10d""}","FFCA{""qr_id"":""10d""}"
2026-04-28 18:46:04,"recv: FFD0{""qr_id"":""10e""}","FFD0{""qr_id"":""10e""}"
2026-04-28 18:47:06,"recv: FFCC{""qr_id"":""10f""}","FFCC{""qr_id"":""10f""}"
2026-04-28 18:48:04,"recv: FFCD{""qr_id"":""110""}","FFCD{""qr_id"":""110""}"
2026-04-28 18:49:06,"recv: FFCE{""qr_id"":""111""}","FFCE{""qr_id"":""111""}"
2026-04-28 18:50:06,"recv: FFC7{""qr_id"":""112""}","FFC7{""qr_id"":""112""}"
2026-04-28 18:51:06,"recv: FFCB{""qr_id"":""113""}","FFCB{""qr_id"":""113""}"
2026-04-28 18:52:04,"recv: FFCB{""qr_id"":""114""}","FFCB{""qr_id"":""114""}"
2026-04-28 18:53:06,"recv: FFCC{""qr_id"":""115""}","FFCC{""qr_id"":""115""}"
2026-04-28 18:54:06,"recv: FFCC{""qr_id"":""116""}","FFCC{""qr_id"":""116""}"
2026-04-28 18:55:06,"recv: FFCB{""qr_id"":""117""}","FFCB{""qr_id"":""117""}"
2026-04-28 18:56:06,"recv: FFC4{""qr_id"":""118""}","FFC4{""qr_id"":""118""}"
2026-04-28 18:57:04,"recv: FFCB{""qr_id"":""119""}","FFCB{""qr_id"":""119""}"
2026-04-28 18:58:06,"recv: FFCA{""qr_id"":""11a""}","FFCA{""qr_id"":""11a""}"
2026-04-28 18:59:04,"recv: FFCB{""qr_id"":""11b""}","FFCB{""qr_id"":""11b""}"
2026-04-28 19:00:06,"recv: FFCC{""qr_id"":""11c""}","FFCC{""qr_id"":""11c""}"
2026-04-28 19:01:04,"recv: FFC8{""qr_id"":""11d""}","FFC8{""qr_id"":""11d""}"
2026-04-28 19:02:04,"recv: FFCC{""qr_id"":""11e""}","FFCC{""qr_id"":""11e""}"
2026-04-28 19:03:04,"recv: FFCC{""qr_id"":""11f""}","FFCC{""qr_id"":""11f""}"
2026-04-28 19:04:06,"recv: FFCA{""qr_id"":""120""}","FFCA{""qr_id"":""120""}"
2026-04-28 19:05:04,"recv: FFCD{""qr_id"":""121""}","FFCD{""qr_id"":""121""}"
2026-04-28 19:06:06,"recv: FFCB{""qr_id"":""122""}","FFCB{""qr_id"":""122""}"
2026-04-28 19:07:04,"recv: FFCA{""qr_id"":""123""}","FFCA{""qr_id"":""123""}"
2026-04-28 19:08:04,"recv: FFC7{""qr_id"":""124""}","FFC7{""qr_id"":""124""}"
2026-04-28 19:09:04,"recv: FFBC{""qr_id"":""125""}","FFBC{""qr_id"":""125""}"
2026-04-28 19:10:04,"recv: FFC5{""qr_id"":""126""}","FFC5{""qr_id"":""126""}"
2026-04-28 19:11:06,"recv: FFC7{""qr_id"":""127""}","FFC7{""qr_id"":""127""}"
2026-04-28 19:12:04,"recv: FFC0{""qr_id"":""128""}","FFC0{""qr_id"":""128""}"
2026-04-28 19:13:04,"recv: FFC5{""qr_id"":""129""}","FFC5{""qr_id"":""129""}"
2026-04-28 19:14:04,"recv: FFC7{""qr_id"":""12a""}","FFC7{""qr_id"":""12a""}"
2026-04-28 19:15:04,"recv: FFBF{""qr_id"":""12b""}","FFBF{""qr_id"":""12b""}"
2026-04-28 19:16:04,"recv: FFCA{""qr_id"":""12c""}","FFCA{""qr_id"":""12c""}"
2026-04-28 19:17:04,"recv: FFCF{""qr_id"":""12d""}","FFCF{""qr_id"":""12d""}"
2026-04-28 19:18:04,"recv: FFC9{""qr_id"":""12e""}","FFC9{""qr_id"":""12e""}"
2026-04-28 19:19:04,"recv: FFCF{""qr_id"":""12f""}","FFCF{""qr_id"":""12f""}"
2026-04-28 19:20:04,"recv: FFC7{""qr_id"":""130""}","FFC7{""qr_id"":""130""}"
2026-04-28 19:21:04,"recv: FFC2{""qr_id"":""131""}","FFC2{""qr_id"":""131""}"
2026-04-28 19:22:04,"recv: FFC2{""qr_id"":""132""}","FFC2{""qr_id"":""132""}"
2026-04-28 19:23:04,"recv: FFC7{""qr_id"":""133""}","FFC7{""qr_id"":""133""}"
2026-04-28 19:24:04,"recv: FFBA{""qr_id"":""134""}","FFBA{""qr_id"":""134""}"
2026-04-28 19:25:06,"recv: FFCA{""qr_id"":""135""}","FFCA{""qr_id"":""135""}"
2026-04-28 19:26:04,"recv: FFC6{""qr_id"":""136""}","FFC6{""qr_id"":""136""}"
2026-04-28 19:27:06,"recv: FFCB{""qr_id"":""137""}","FFCB{""qr_id"":""137""}"
2026-04-28 19:28:04,"recv: FFCA{""qr_id"":""138""}","FFCA{""qr_id"":""138""}"
2026-04-28 19:29:04,"recv: FFCA{""qr_id"":""139""}","FFCA{""qr_id"":""139""}"
2026-04-28 19:30:06,"recv: FFCA{""qr_id"":""13a""}","FFCA{""qr_id"":""13a""}"
2026-04-28 19:31:04,"recv: FFCA{""qr_id"":""13b""}","FFCA{""qr_id"":""13b""}"
2026-04-28 19:32:06,"recv: FFCB{""qr_id"":""13c""}","FFCB{""qr_id"":""13c""}"
2026-04-28 19:33:04,"recv: FFC9{""qr_id"":""13d""}","FFC9{""qr_id"":""13d""}"
2026-04-28 19:34:06,"recv: FFC8{""qr_id"":""13e""}","FFC8{""qr_id"":""13e""}"
2026-04-28 19:35:04,"recv: FFC7{""qr_id"":""13f""}","FFC7{""qr_id"":""13f""}"
2026-04-28 19:36:06,"recv: FFC8{""qr_id"":""140""}","FFC8{""qr_id"":""140""}"
2026-04-28 19:37:04,"recv: FFC7{""qr_id"":""141""}","FFC7{""qr_id"":""141""}"
2026-04-28 19:38:06,"recv: FFCA{""qr_id"":""142""}","FFCA{""qr_id"":""142""}"
2026-04-28 19:39:04,"recv: FFCA{""qr_id"":""143""}","FFCA{""qr_id"":""143""}"
2026-04-28 19:40:04,"recv: FFCA{""qr_id"":""144""}","FFCA{""qr_id"":""144""}"
2026-04-28 19:41:06,"recv: FFCA{""qr_id"":""145""}","FFCA{""qr_id"":""145""}"
2026-04-28 19:42:04,"recv: FFCB{""qr_id"":""146""}","FFCB{""qr_id"":""146""}"
2026-04-28 19:43:04,"recv: FFC7{""qr_id"":""147""}","FFC7{""qr_id"":""147""}"
2026-04-28 19:44:04,"recv: FFCC{""qr_id"":""148""}","FFCC{""qr_id"":""148""}"
2026-04-28 19:45:04,"recv: FFCA{""qr_id"":""149""}","FFCA{""qr_id"":""149""}"
2026-04-28 19:46:04,"recv: FFC7{""qr_id"":""14a""}","FFC7{""qr_id"":""14a""}"
2026-04-28 19:47:04,"recv: FFCB{""qr_id"":""14b""}","FFCB{""qr_id"":""14b""}"
2026-04-28 19:48:06,"recv: FFCC{""qr_id"":""14c""}","FFCC{""qr_id"":""14c""}"
2026-04-28 19:49:04,"recv: FFC8{""qr_id"":""14d""}","FFC8{""qr_id"":""14d""}"
2026-04-28 19:50:04,"recv: FFC9{""qr_id"":""14e""}","FFC9{""qr_id"":""14e""}"
2026-04-28 19:51:04,"recv: FFCB{""qr_id"":""14f""}","FFCB{""qr_id"":""14f""}"
2026-04-28 19:52:04,"recv: FFC7{""qr_id"":""150""}","FFC7{""qr_id"":""150""}"
2026-04-28 19:53:06,"recv: FFC0{""qr_id"":""151""}","FFC0{""qr_id"":""151""}"
2026-04-28 19:54:04,"recv: FFC7{""qr_id"":""152""}","FFC7{""qr_id"":""152""}"
2026-04-28 19:55:04,"recv: FFC6{""qr_id"":""153""}","FFC6{""qr_id"":""153""}"
2026-04-28 19:56:06,"recv: FFC6{""qr_id"":""154""}","FFC6{""qr_id"":""154""}"
2026-04-28 19:57:04,"recv: FFC7{""qr_id"":""155""}","FFC7{""qr_id"":""155""}"
2026-04-28 19:58:06,"recv: FFC6{""qr_id"":""156""}","FFC6{""qr_id"":""156""}"
2026-04-28 19:59:04,"recv: FFC7{""qr_id"":""157""}","FFC7{""qr_id"":""157""}"
2026-04-28 20:00:06,"recv: FFC8{""qr_id"":""158""}","FFC8{""qr_id"":""158""}"
2026-04-28 20:01:04,"recv: FFC7{""qr_id"":""159""}","FFC7{""qr_id"":""159""}"
2026-04-28 20:02:04,"recv: FFC6{""qr_id"":""15a""}","FFC6{""qr_id"":""15a""}"
2026-04-28 20:03:06,"recv: FFC7{""qr_id"":""15b""}","FFC7{""qr_id"":""15b""}"
2026-04-28 20:04:04,"recv: FFC7{""qr_id"":""15c""}","FFC7{""qr_id"":""15c""}"
2026-04-28 20:05:04,"recv: FFC7{""qr_id"":""15d""}","FFC7{""qr_id"":""15d""}"
2026-04-28 20:06:06,"recv: FFC9{""qr_id"":""15e""}","FFC9{""qr_id"":""15e""}"
2026-04-28 20:07:04,"recv: FFC5{""qr_id"":""15f""}","FFC5{""qr_id"":""15f""}"
2026-04-28 20:08:06,"recv: FFC8{""qr_id"":""160""}","FFC8{""qr_id"":""160""}"
2026-04-28 20:09:04,"recv: FFC8{""qr_id"":""161""}","FFC8{""qr_id"":""161""}"
2026-04-28 20:10:04,"recv: FFC5{""qr_id"":""162""}","FFC5{""qr_id"":""162""}"
2026-04-28 20:11:06,"recv: FFC7{""qr_id"":""163""}","FFC7{""qr_id"":""163""}"
2026-04-28 20:12:04,"recv: FFC7{""qr_id"":""164""}","FFC7{""qr_id"":""164""}"
2026-04-28 20:13:06,"recv: FFC9{""qr_id"":""165""}","FFC9{""qr_id"":""165""}"
2026-04-28 20:14:04,"recv: FFC6{""qr_id"":""166""}","FFC6{""qr_id"":""166""}"
2026-04-28 20:15:04,"recv: FFC8{""qr_id"":""167""}","FFC8{""qr_id"":""167""}"
2026-04-28 20:16:06,"recv: FFC6{""qr_id"":""168""}","FFC6{""qr_id"":""168""}"
2026-04-28 20:17:04,"recv: FFC6{""qr_id"":""169""}","FFC6{""qr_id"":""169""}"
2026-04-28 20:18:04,"recv: FFCA{""qr_id"":""16a""}","FFCA{""qr_id"":""16a""}"
2026-04-28 20:19:04,"recv: FFCA{""qr_id"":""16b""}","FFCA{""qr_id"":""16b""}"
2026-04-28 20:20:06,"recv: FFCD{""qr_id"":""16c""}","FFCD{""qr_id"":""16c""}"
2026-04-28 20:21:04,"recv: FFC5{""qr_id"":""16d""}","FFC5{""qr_id"":""16d""}"
2026-04-28 20:22:04,"recv: FFD3{""qr_id"":""16e""}","FFD3{""qr_id"":""16e""}"
2026-04-28 20:23:06,"recv: FFC6{""qr_id"":""16f""}","FFC6{""qr_id"":""16f""}"
2026-04-28 20:24:04,"recv: FFC6{""qr_id"":""170""}","FFC6{""qr_id"":""170""}"
2026-04-28 20:25:04,"recv: FFC6{""qr_id"":""171""}","FFC6{""qr_id"":""171""}"
2026-04-28 20:26:06,"recv: FFC7{""qr_id"":""172""}","FFC7{""qr_id"":""172""}"
2026-04-28 20:27:04,"recv: FFCC{""qr_id"":""173""}","FFCC{""qr_id"":""173""}"
2026-04-28 20:28:04,"recv: FFC9{""qr_id"":""174""}","FFC9{""qr_id"":""174""}"
2026-04-28 20:29:06,"recv: FFD5{""qr_id"":""175""}","FFD5{""qr_id"":""175""}"
2026-04-28 20:30:04,"recv: FFD0{""qr_id"":""176""}","FFD0{""qr_id"":""176""}"
2026-04-28 20:31:04,"recv: FFC4{""qr_id"":""177""}","FFC4{""qr_id"":""177""}"
2026-04-28 20:32:06,"recv: FFC5{""qr_id"":""178""}","FFC5{""qr_id"":""178""}"
2026-04-28 20:33:04,"recv: FFC4{""qr_id"":""179""}","FFC4{""qr_id"":""179""}"
2026-04-28 20:34:06,"recv: FFC7{""qr_id"":""17a""}","FFC7{""qr_id"":""17a""}"
2026-04-28 20:35:04,"recv: FFC4{""qr_id"":""17b""}","FFC4{""qr_id"":""17b""}"
2026-04-28 20:36:06,"recv: FFC6{""qr_id"":""17c""}","FFC6{""qr_id"":""17c""}"
2026-04-28 20:37:04,"recv: FFC3{""qr_id"":""17d""}","FFC3{""qr_id"":""17d""}"
2026-04-28 20:38:04,"recv: FFC3{""qr_id"":""17e""}","FFC3{""qr_id"":""17e""}"
2026-04-28 20:39:06,"recv: FFC1{""qr_id"":""17f""}","FFC1{""qr_id"":""17f""}"
2026-04-28 20:40:04,"recv: FFC4{""qr_id"":""180""}","FFC4{""qr_id"":""180""}"
2026-04-28 20:41:04,"recv: FFC1{""qr_id"":""181""}","FFC1{""qr_id"":""181""}"
2026-04-28 20:42:06,"recv: FFC5{""qr_id"":""182""}","FFC5{""qr_id"":""182""}"
2026-04-28 20:43:04,"recv: FFBF{""qr_id"":""183""}","FFBF{""qr_id"":""183""}"
2026-04-28 20:44:06,"recv: FFC3{""qr_id"":""184""}","FFC3{""qr_id"":""184""}"
2026-04-28 20:45:06,"recv: FFC8{""qr_id"":""185""}","FFC8{""qr_id"":""185""}"
2026-04-28 20:46:04,"recv: FFC9{""qr_id"":""186""}","FFC9{""qr_id"":""186""}"
2026-04-28 20:47:04,"recv: FFC3{""qr_id"":""187""}","FFC3{""qr_id"":""187""}"
2026-04-28 20:48:04,"recv: FFBF{""qr_id"":""188""}","FFBF{""qr_id"":""188""}"
2026-04-28 20:49:06,"recv: FFB7{""qr_id"":""189""}","FFB7{""qr_id"":""189""}"
2026-04-28 20:50:04,"recv: FFC7{""qr_id"":""18a""}","FFC7{""qr_id"":""18a""}"
2026-04-28 20:51:06,"recv: FFC8{""qr_id"":""18b""}","FFC8{""qr_id"":""18b""}"
2026-04-28 20:52:04,"recv: FFC4{""qr_id"":""18c""}","FFC4{""qr_id"":""18c""}"
2026-04-28 20:53:06,"recv: FFC9{""qr_id"":""18d""}","FFC9{""qr_id"":""18d""}"
2026-04-28 20:54:04,"recv: FFC7{""qr_id"":""18e""}","FFC7{""qr_id"":""18e""}"
2026-04-28 20:55:06,"recv: FFC5{""qr_id"":""18f""}","FFC5{""qr_id"":""18f""}"
2026-04-28 20:56:04,"recv: FFBE{""qr_id"":""190""}","FFBE{""qr_id"":""190""}"
2026-04-28 20:57:06,"recv: FFBE{""qr_id"":""191""}","FFBE{""qr_id"":""191""}"
2026-04-28 20:58:04,"recv: FFC7{""qr_id"":""192""}","FFC7{""qr_id"":""192""}"
2026-04-28 20:59:06,"recv: FFC9{""qr_id"":""193""}","FFC9{""qr_id"":""193""}"
2026-04-28 21:00:04,"recv: FFC0{""qr_id"":""194""}","FFC0{""qr_id"":""194""}"
2026-04-28 21:01:04,"recv: FFC5{""qr_id"":""195""}","FFC5{""qr_id"":""195""}"
2026-04-28 21:02:04,"recv: FFC9{""qr_id"":""196""}","FFC9{""qr_id"":""196""}"
2026-04-28 21:03:04,"recv: FFC0{""qr_id"":""197""}","FFC0{""qr_id"":""197""}"
2026-04-28 21:04:04,"recv: FFC2{""qr_id"":""198""}","FFC2{""qr_id"":""198""}"
2026-04-28 21:05:06,"recv: FFC1{""qr_id"":""199""}","FFC1{""qr_id"":""199""}"
2026-04-28 21:06:04,"recv: FFBF{""qr_id"":""19a""}","FFBF{""qr_id"":""19a""}"
2026-04-28 21:07:04,"recv: FFC5{""qr_id"":""19b""}","FFC5{""qr_id"":""19b""}"
2026-04-28 21:08:06,"recv: FFC7{""qr_id"":""19c""}","FFC7{""qr_id"":""19c""}"
2026-04-28 21:09:04,"recv: FFBF{""qr_id"":""19d""}","FFBF{""qr_id"":""19d""}"
2026-04-28 21:10:06,"recv: FFC3{""qr_id"":""19e""}","FFC3{""qr_id"":""19e""}"
2026-04-28 21:11:04,"recv: FFBC{""qr_id"":""19f""}","FFBC{""qr_id"":""19f""}"
2026-04-28 21:12:06,"recv: FFC8{""qr_id"":""1a0""}","FFC8{""qr_id"":""1a0""}"
2026-04-28 21:13:04,"recv: FFCB{""qr_id"":""1a1""}","FFCB{""qr_id"":""1a1""}"
2026-04-28 21:14:06,"recv: FFC8{""qr_id"":""1a2""}","FFC8{""qr_id"":""1a2""}"
